appid,discount,initial_price,price
300,0,"9,99","9,99"
584,0,0,"0,00"
901,0,0,"0,00"
280,0,"9,99","9,99"
937,0,0,"0,00"
583,0,0,"0,00"
900,0,0,"0,00"
260,0,0,"0,00"
936,0,0,"0,00"
582,0,0,"0,00"
854,0,0,"0,00"
240,0,"9,99","9,99"
935,0,0,"0,00"
581,0,0,"0,00"
60,0,"4,99","4,99"
852,0,0,"0,00"
220,0,"9,99","9,99"
934,0,0,"0,00"
576,0,0,"0,00"
767,0,0,"0,00"
219,0,0,"0,00"
933,0,0,"0,00"
575,0,0,"0,00"
8,0,0,"0,00"
218,0,0,"0,00"
20,0,"4,99","4,99"
765,0,0,"0,00"
932,0,0,"0,00"
570,0,0,"0,00"
764,0,0,"0,00"
931,0,0,"0,00"
565,0,0,"0,00"
761,0,0,"0,00"
930,0,0,"0,00"
564,0,0,"0,00"
7,0,0,"0,00"
760,0,0,"0,00"
929,0,0,"0,00"
563,0,0,"0,00"
5,0,0,"0,00"
30,0,"4,99","4,99"
756,0,0,"0,00"
928,0,0,"0,00"
560,0,0,"0,00"
210,0,0,"0,00"
755,0,0,"0,00"
70,0,"9,99","9,99"
927,0,0,"0,00"
550,0,"9,99","9,99"
754,0,0,"0,00"
926,0,0,"0,00"
540,0,0,"0,00"
40,0,"4,99","4,99"
753,0,0,"0,00"
925,0,0,"0,00"
530,0,0,"0,00"
745,0,0,"0,00"
924,0,0,"0,00"
520,0,0,"0,00"
80,0,"9,99","9,99"
740,0,0,"0,00"
923,0,0,"0,00"
513,0,0,"0,00"
730,0,0,"0,00"
130,0,"4,99","4,99"
922,0,0,"0,00"
510,0,0,"0,00"
10,0,"9,99","9,99"
669,0,0,"0,00"
921,0,0,"0,00"
500,0,"9,99","9,99"
215,0,0,"0,00"
938,0,0,"0,00"
660,0,0,"0,00"
920,0,0,"0,00"
480,0,0,"0,00"
50,0,"4,99","4,99"
902,0,0,"0,00"
205,0,0,"0,00"
659,0,"9,99","9,99"
919,0,0,"0,00"
459,0,0,"0,00"
90,0,0,"0,00"
654,0,0,"0,00"
918,0,0,"0,00"
458,0,0,"0,00"
653,0,0,"0,00"
917,0,0,"0,00"
457,0,0,"0,00"
652,0,0,"0,00"
916,0,0,"0,00"
456,0,0,"0,00"
651,0,0,"0,00"
915,0,0,"0,00"
440,0,0,"0,00"
650,0,0,"0,00"
948,0,0,"0,00"
914,0,0,"0,00"
420,0,"19,99","19,99"
644,0,0,"0,00"
947,0,0,"0,00"
913,0,0,"0,00"
410,0,0,"0,00"
92,0,0,"0,00"
946,0,0,"0,00"
640,0,0,"0,00"
912,0,0,"0,00"
400,0,"9,99","9,99"
635,0,0,"0,00"
945,0,0,"0,00"
909,0,0,"0,00"
380,0,"19,99","19,99"
630,0,0,"0,00"
944,0,0,"0,00"
908,0,0,"0,00"
364,0,0,"0,00"
100,0,"9,99","9,99"
629,0,0,"0,00"
943,0,0,"0,00"
907,0,0,"0,00"
360,0,"9,99","9,99"
620,0,"9,99","9,99"
942,0,0,"0,00"
906,0,0,"0,00"
340,0,"19,99","19,99"
211,0,0,"0,00"
590,0,0,"0,00"
941,0,0,"0,00"
905,0,0,"0,00"
320,0,"19,99","19,99"
586,0,0,"0,00"
940,0,0,"0,00"
904,0,0,"0,00"
310,0,0,"0,00"
585,0,0,"0,00"
939,0,0,"0,00"
903,0,0,"0,00"
304,0,0,"0,00"
150,0,0,"0,00"
949,0,0,"0,00"
950,0,0,"0,00"
951,0,0,"0,00"
953,0,0,"0,00"
955,0,0,"0,00"
954,0,0,"0,00"
956,0,0,"0,00"
957,0,0,"0,00"
959,0,0,"0,00"
961,0,0,"0,00"
960,0,0,"0,00"
966,0,0,"0,00"
965,0,0,"0,00"
963,0,0,"0,00"
967,0,0,"0,00"
958,0,0,"0,00"
964,0,0,"0,00"
969,0,0,"0,00"
962,0,0,"0,00"
974,0,0,"0,00"
983,0,0,"0,00"
971,0,0,"0,00"
979,0,0,"0,00"
984,0,0,"0,00"
973,0,0,"0,00"
980,0,0,"0,00"
970,0,0,"0,00"
976,0,0,"0,00"
977,0,0,"0,00"
987,0,0,"0,00"
982,0,0,"0,00"
968,0,0,"0,00"
972,0,0,"0,00"
989,0,0,"0,00"
992,0,0,"0,00"
990,0,0,"0,00"
999,0,0,"0,00"
995,0,0,"0,00"
994,0,0,"0,00"
996,0,0,"0,00"
1002,0,"0,99","0,99"
997,0,0,"0,00"
998,0,0,"0,00"
1001,0,0,"0,00"
978,0,0,"0,00"
981,0,0,"0,00"
975,0,0,"0,00"
985,0,0,"0,00"
1007,0,0,"0,00"
1003,0,0,"0,00"
1213,0,0,"0,00"
986,0,0,"0,00"
1250,0,"19,99","19,99"
988,0,0,"0,00"
1210,0,0,"0,00"
1256,0,"7,99","7,99"
1257,0,"7,99","7,99"
1255,0,0,"0,00"
1230,0,0,"0,00"
1220,0,0,"0,00"
1259,0,0,"0,00"
1240,0,0,"0,00"
991,0,0,"0,00"
1290,0,0,"0,00"
1300,85,"9,93","1,49"
1260,0,0,"0,00"
1313,0,"9,99","9,99"
1280,0,0,"0,00"
1273,0,0,"0,00"
1306,0,0,"0,00"
1507,0,0,"0,00"
1320,0,0,"0,00"
1317,0,0,"0,00"
1504,0,0,"0,00"
1200,0,"4,99","4,99"
1520,0,"11,99","11,99"
1525,0,0,"0,00"
1523,0,0,"0,00"
1535,0,0,"0,00"
1530,0,"11,99","11,99"
1528,0,0,"0,00"
1270,0,0,"0,00"
1600,80,"24,95","4,99"
1620,0,"19,99","19,99"
1532,0,0,"0,00"
1635,0,0,"0,00"
1540,0,0,"0,00"
1630,80,"5,95","1,19"
1500,0,"11,99","11,99"
1645,0,0,"0,00"
1900,0,"9,99","9,99"
1690,80,"19,95","3,99"
1710,0,0,"0,00"
1522,0,0,"0,00"
2114,0,0,"0,00"
2115,0,0,"0,00"
1510,0,"11,99","11,99"
1502,0,0,"0,00"
1840,0,0,"0,00"
1700,67,"4,97","1,64"
2110,0,0,"0,00"
1930,0,"14,99","14,99"
2120,0,0,"0,00"
1610,80,"9,95","1,99"
2145,0,0,"0,00"
1640,80,"5,95","1,19"
1920,0,0,"0,00"
2130,0,"9,99","9,99"
1670,80,"5,95","1,19"
2150,0,0,"0,00"
2320,60,"9,98","3,99"
2280,60,"9,98","3,99"
2210,0,"14,99","14,99"
2350,0,"14,99","14,99"
2270,70,"4,97","1,49"
2400,0,"9,99","9,99"
2310,60,"9,98","3,99"
2410,0,0,"0,00"
2413,0,0,"0,00"
2100,0,"9,99","9,99"
2420,0,"9,99","9,99"
2500,0,"6,99","6,99"
2520,0,"4,99","4,99"
2505,0,0,"0,00"
2460,0,0,"0,00"
2540,0,"4,99","4,99"
2450,0,"4,99","4,99"
2510,0,0,"0,00"
2530,0,0,"0,00"
2600,50,"19,98","9,99"
2610,67,"19,97","6,59"
2545,0,"4,99","4,99"
2620,50,"19,98","9,99"
2200,60,"14,98","5,99"
2630,25,"19,99","14,99"
2635,0,0,"0,00"
2625,0,0,"0,00"
2590,0,"4,99","4,99"
2550,0,"4,99","4,99"
2403,0,0,"0,00"
2700,0,0,"0,00"
2640,25,"19,99","14,99"
2725,0,0,"0,00"
2710,0,"2,99","2,99"
2726,0,0,"0,00"
2645,0,0,"0,00"
2724,0,0,"0,00"
2690,0,0,"0,00"
2430,0,0,"0,00"
2760,0,0,"0,00"
2525,50,"4,98","2,49"
2768,0,0,"0,00"
2740,0,0,"0,00"
2800,0,"4,99","4,99"
2790,0,0,"0,00"
2770,0,0,"0,00"
2767,0,0,"0,00"
2820,0,"15,99","15,99"
2850,0,"4,99","4,99"
2827,0,0,"0,00"
2810,0,"9,99","9,99"
2840,0,"4,99","4,99"
2870,0,"29,99","29,99"
2930,0,0,"0,00"
2910,80,"24,95","4,99"
2720,0,"4,99","4,99"
2680,0,0,"0,00"
3000,0,"4,99","4,99"
2860,0,0,"0,00"
2920,80,"18,95","3,79"
3020,0,"9,99","9,99"
2990,0,"9,99","9,99"
2950,0,0,"0,00"
3010,0,"4,99","4,99"
3030,0,0,"0,00"
2730,0,0,"0,00"
3050,0,"4,99","4,99"
3170,0,"9,99","9,99"
3160,0,0,"0,00"
3220,0,0,"0,00"
3150,0,0,"0,00"
3270,0,"4,99","4,99"
3205,0,0,"0,00"
3190,0,0,"0,00"
3273,0,0,"0,00"
3210,0,0,"0,00"
3260,0,"4,99","4,99"
2826,0,0,"0,00"
3230,0,"4,99","4,99"
3280,0,0,"0,00"
2900,80,"18,95","3,79"
3302,0,0,"0,00"
3040,0,0,"0,00"
3332,0,0,"0,00"
3322,0,0,"0,00"
3312,0,0,"0,00"
3330,0,"4,99","4,99"
3352,0,0,"0,00"
3350,0,"4,99","4,99"
3360,0,"4,99","4,99"
3342,0,0,"0,00"
3130,0,"4,99","4,99"
3362,0,0,"0,00"
3370,0,"4,99","4,99"
3372,0,0,"0,00"
3200,75,"9,96","2,49"
3300,0,"4,99","4,99"
3402,0,0,"0,00"
3400,0,0,"0,00"
3420,0,"4,99","4,99"
3382,0,0,"0,00"
3410,0,"4,99","4,99"
3390,0,"4,99","4,99"
3392,0,0,"0,00"
3430,0,"4,99","4,99"
3432,0,0,"0,00"
3412,0,0,"0,00"
3442,0,0,"0,00"
3310,0,"4,99","4,99"
3422,0,0,"0,00"
3450,0,"4,99","4,99"
3460,0,"4,99","4,99"
3320,0,"4,99","4,99"
3470,0,"4,99","4,99"
3462,0,0,"0,00"
3380,0,"4,99","4,99"
3340,0,"4,99","4,99"
3483,0,0,"0,00"
3492,0,0,"0,00"
3490,0,0,"0,00"
3502,0,0,"0,00"
3472,0,0,"0,00"
3520,0,"4,99","4,99"
3500,0,"4,99","4,99"
3522,0,0,"0,00"
3512,0,0,"0,00"
3530,0,"4,99","4,99"
3510,0,"4,99","4,99"
3562,0,0,"0,00"
3540,0,"4,99","4,99"
3570,0,"4,99","4,99"
3542,0,0,"0,00"
3452,0,0,"0,00"
3572,0,0,"0,00"
3590,0,"4,99","4,99"
3580,0,"4,99","4,99"
3582,0,0,"0,00"
3599,0,0,"0,00"
3602,0,0,"0,00"
3600,0,"4,99","4,99"
3592,0,0,"0,00"
3620,0,"4,99","4,99"
3610,0,"4,99","4,99"
3612,0,0,"0,00"
3629,0,0,"0,00"
3630,0,"4,99","4,99"
3622,0,0,"0,00"
3480,0,"4,99","4,99"
3482,0,0,"0,00"
3532,0,0,"0,00"
3650,0,0,"0,00"
3700,0,"7,99","7,99"
3710,0,"7,99","7,99"
3642,0,0,"0,00"
3632,0,0,"0,00"
3640,0,0,"0,00"
3720,90,"9,90","0,99"
3750,0,0,"0,00"
3730,80,"4,95","0,99"
3560,0,"4,99","4,99"
3800,0,"9,99","9,99"
3820,0,0,"0,00"
3652,0,0,"0,00"
3839,80,"4,95","0,99"
3838,0,"4,99","4,99"
3830,0,"9,99","9,99"
3910,80,"4,95","0,99"
3840,0,0,"0,00"
3850,0,0,"0,00"
3920,0,"9,99","9,99"
3960,0,"4,99","4,99"
3970,0,0,"0,00"
3900,80,"29,95","5,99"
4000,0,"9,99","9,99"
3980,0,"9,99","9,99"
3990,0,"4,99","4,99"
4010,0,0,"0,00"
4100,0,"9,99","9,99"
4020,0,0,"0,00"
4102,0,0,"0,00"
4230,0,"39,99","39,99"
4207,0,0,"0,00"
4280,0,0,"0,00"
4270,0,0,"0,00"
4240,0,"39,99","39,99"
4260,0,0,"0,00"
4290,0,"3,99","3,99"
4400,0,0,"0,00"
3810,0,0,"0,00"
4410,0,0,"0,00"
4320,0,0,"0,00"
4329,0,0,"0,00"
4300,0,"9,99","9,99"
4330,0,0,"0,00"
4460,0,"9,99","9,99"
4420,0,"4,99","4,99"
4450,0,0,"0,00"
4470,0,"4,99","4,99"
4200,0,0,"0,00"
4206,0,0,"0,00"
4500,0,"19,99","19,99"
4550,0,0,"0,00"
4570,0,"34,99","34,99"
4590,0,0,"0,00"
4210,0,0,"0,00"
4520,75,"9,96","2,49"
4560,0,"36,99","36,99"
4600,0,0,"0,00"
4310,0,0,"0,00"
4580,0,0,"0,00"
4710,0,0,"0,00"
4700,0,"24,99","24,99"
4530,0,"9,99","9,99"
4610,0,0,"0,00"
4720,0,"14,95","14,95"
4770,0,0,"0,00"
4440,0,0,"0,00"
4760,0,0,"0,00"
4730,0,0,"0,00"
4780,0,"24,99","24,99"
4790,0,0,"0,00"
4808,0,0,"0,00"
4810,0,0,"0,00"
4850,0,"4,99","4,99"
4830,0,0,"0,00"
4870,0,"4,99","4,99"
4480,0,0,"0,00"
4856,75,"3,96","0,99"
4820,0,0,"0,00"
4900,0,0,"0,00"
4540,0,0,"0,00"
4890,0,"4,99","4,99"
4880,0,"4,99","4,99"
4930,0,0,"0,00"
4920,0,"4,99","4,99"
5002,0,0,"0,00"
4931,0,0,"0,00"
4910,0,0,"0,00"
5001,0,0,"0,00"
5004,0,0,"0,00"
5003,0,0,"0,00"
4940,0,0,"0,00"
5000,0,0,"0,00"
5005,0,0,"0,00"
4932,0,"4,99","4,99"
5007,0,0,"0,00"
5011,0,0,"0,00"
5006,0,0,"0,00"
4800,0,"7,99","7,99"
5009,0,0,"0,00"
5008,0,0,"0,00"
5012,0,0,"0,00"
5013,0,0,"0,00"
5014,0,0,"0,00"
5016,0,0,"0,00"
5020,0,0,"0,00"
5015,0,0,"0,00"
5026,0,0,"0,00"
5022,0,0,"0,00"
5027,0,0,"0,00"
5028,0,0,"0,00"
5021,0,0,"0,00"
5025,0,0,"0,00"
5024,0,0,"0,00"
5017,0,0,"0,00"
5030,0,0,"0,00"
5032,0,0,"0,00"
5031,0,0,"0,00"
5033,0,0,"0,00"
5034,0,0,"0,00"
5010,0,0,"0,00"
5039,0,0,"0,00"
5035,0,0,"0,00"
5036,0,0,"0,00"
5019,0,0,"0,00"
5042,0,0,"0,00"
5018,0,0,"0,00"
5041,0,0,"0,00"
5038,0,0,"0,00"
5043,0,0,"0,00"
5044,0,0,"0,00"
5037,0,0,"0,00"
5047,0,0,"0,00"
5045,0,0,"0,00"
5049,0,0,"0,00"
5050,0,0,"0,00"
5052,0,0,"0,00"
5023,0,0,"0,00"
5053,0,0,"0,00"
5057,0,0,"0,00"
5058,0,0,"0,00"
5054,0,0,"0,00"
5059,0,0,"0,00"
5062,0,0,"0,00"
5060,0,0,"0,00"
5056,0,0,"0,00"
5063,0,0,"0,00"
5066,0,0,"0,00"
5040,0,0,"0,00"
5068,0,0,"0,00"
5064,0,0,"0,00"
5055,0,0,"0,00"
5046,0,0,"0,00"
5071,0,0,"0,00"
5048,0,0,"0,00"
5070,0,0,"0,00"
5072,0,0,"0,00"
5051,0,0,"0,00"
5074,0,0,"0,00"
5075,0,0,"0,00"
5076,0,0,"0,00"
5078,0,0,"0,00"
5077,0,0,"0,00"
5080,0,0,"0,00"
5073,0,0,"0,00"
5083,0,0,"0,00"
5061,0,0,"0,00"
5082,0,0,"0,00"
5079,0,0,"0,00"
5081,0,0,"0,00"
5084,0,0,"0,00"
5085,0,0,"0,00"
5087,0,0,"0,00"
5086,0,0,"0,00"
5088,0,0,"0,00"
5069,0,0,"0,00"
5089,0,0,"0,00"
5094,0,0,"0,00"
5090,0,0,"0,00"
5096,0,0,"0,00"
5093,0,0,"0,00"
5067,0,0,"0,00"
5095,0,0,"0,00"
5100,0,0,"0,00"
5092,0,0,"0,00"
5097,0,0,"0,00"
5103,0,0,"0,00"
5102,0,0,"0,00"
5101,0,0,"0,00"
5098,0,0,"0,00"
5099,0,0,"0,00"
5108,0,0,"0,00"
5107,0,0,"0,00"
5106,0,0,"0,00"
5109,0,0,"0,00"
5111,0,0,"0,00"
5117,0,0,"0,00"
5091,0,0,"0,00"
5114,0,0,"0,00"
5120,0,0,"0,00"
5115,0,0,"0,00"
5116,0,0,"0,00"
5112,0,0,"0,00"
5121,0,0,"0,00"
5122,0,0,"0,00"
5119,0,0,"0,00"
5123,0,0,"0,00"
5125,0,0,"0,00"
5127,0,0,"0,00"
5128,0,0,"0,00"
5124,0,0,"0,00"
5104,0,0,"0,00"
5129,0,0,"0,00"
5126,0,0,"0,00"
5131,0,0,"0,00"
5130,0,0,"0,00"
5138,0,0,"0,00"
5136,0,0,"0,00"
5135,0,0,"0,00"
5105,0,0,"0,00"
5134,0,0,"0,00"
5139,0,0,"0,00"
5133,0,0,"0,00"
5113,0,0,"0,00"
5140,0,0,"0,00"
5143,0,0,"0,00"
5142,0,0,"0,00"
5141,0,0,"0,00"
5144,0,0,"0,00"
5118,0,0,"0,00"
5147,0,0,"0,00"
5145,0,0,"0,00"
5152,0,0,"0,00"
5146,0,0,"0,00"
5153,0,0,"0,00"
5155,0,0,"0,00"
5151,0,0,"0,00"
5149,0,0,"0,00"
5150,0,0,"0,00"
5154,0,0,"0,00"
5157,0,0,"0,00"
5132,0,0,"0,00"
5159,0,0,"0,00"
5160,0,0,"0,00"
5137,0,0,"0,00"
5161,0,0,"0,00"
5164,0,0,"0,00"
5168,0,0,"0,00"
5165,0,0,"0,00"
5166,0,0,"0,00"
5167,0,0,"0,00"
5163,0,0,"0,00"
5169,0,0,"0,00"
5175,0,0,"0,00"
5173,0,0,"0,00"
5172,0,0,"0,00"
5179,0,0,"0,00"
5158,0,0,"0,00"
5181,0,0,"0,00"
5182,0,0,"0,00"
5183,0,0,"0,00"
5180,0,0,"0,00"
5162,0,0,"0,00"
5187,0,0,"0,00"
5184,0,0,"0,00"
5190,0,0,"0,00"
5191,0,0,"0,00"
5192,0,0,"0,00"
5188,0,0,"0,00"
5185,0,0,"0,00"
5186,0,0,"0,00"
5193,0,0,"0,00"
5174,0,0,"0,00"
5177,0,0,"0,00"
5195,0,0,"0,00"
5197,0,0,"0,00"
5170,0,0,"0,00"
5178,0,0,"0,00"
5196,0,0,"0,00"
5194,0,0,"0,00"
5198,0,0,"0,00"
5202,0,0,"0,00"
5203,0,0,"0,00"
5204,0,0,"0,00"
5200,0,0,"0,00"
5208,0,0,"0,00"
5209,0,0,"0,00"
5199,0,0,"0,00"
5205,0,0,"0,00"
5189,0,0,"0,00"
5207,0,0,"0,00"
5211,0,0,"0,00"
5215,0,0,"0,00"
5210,0,0,"0,00"
5212,0,0,"0,00"
5213,0,0,"0,00"
5217,0,0,"0,00"
5206,0,0,"0,00"
5214,0,0,"0,00"
5216,0,0,"0,00"
5218,0,0,"0,00"
5219,0,0,"0,00"
5220,0,0,"0,00"
5221,0,0,"0,00"
5222,0,0,"0,00"
5227,0,0,"0,00"
5236,0,0,"0,00"
5235,0,0,"0,00"
5233,0,0,"0,00"
5232,0,0,"0,00"
5234,0,0,"0,00"
5231,0,0,"0,00"
5223,0,0,"0,00"
5201,0,0,"0,00"
5238,0,0,"0,00"
5240,0,0,"0,00"
5237,0,0,"0,00"
5241,0,0,"0,00"
5243,0,0,"0,00"
5245,0,0,"0,00"
5239,0,0,"0,00"
5242,0,0,"0,00"
5244,0,0,"0,00"
5248,0,0,"0,00"
5247,0,0,"0,00"
5253,0,0,"0,00"
5251,0,0,"0,00"
5249,0,0,"0,00"
5259,0,0,"0,00"
5256,0,0,"0,00"
5246,0,0,"0,00"
5252,0,0,"0,00"
5255,0,0,"0,00"
5257,0,0,"0,00"
5260,0,0,"0,00"
5262,0,0,"0,00"
5250,0,0,"0,00"
5261,0,0,"0,00"
5254,0,0,"0,00"
5265,0,0,"0,00"
5266,0,0,"0,00"
5267,0,0,"0,00"
5269,0,0,"0,00"
5263,0,0,"0,00"
5272,0,0,"0,00"
5268,0,0,"0,00"
5279,0,0,"0,00"
5275,0,0,"0,00"
5276,0,0,"0,00"
5280,0,0,"0,00"
5278,0,0,"0,00"
5281,0,0,"0,00"
5277,0,0,"0,00"
5274,0,0,"0,00"
5273,0,0,"0,00"
5283,0,0,"0,00"
5282,0,0,"0,00"
5258,0,0,"0,00"
5284,0,0,"0,00"
5285,0,0,"0,00"
5289,0,0,"0,00"
5288,0,0,"0,00"
5270,0,0,"0,00"
5291,0,0,"0,00"
5295,0,0,"0,00"
5293,0,0,"0,00"
5297,0,0,"0,00"
5292,0,0,"0,00"
5298,0,0,"0,00"
5290,0,0,"0,00"
5296,0,0,"0,00"
5294,0,0,"0,00"
5271,0,0,"0,00"
5304,0,0,"0,00"
5300,0,0,"0,00"
5301,0,0,"0,00"
5299,0,0,"0,00"
5303,0,0,"0,00"
5305,0,0,"0,00"
5306,0,0,"0,00"
5316,0,0,"0,00"
5286,0,0,"0,00"
5315,0,0,"0,00"
5310,0,0,"0,00"
5287,0,0,"0,00"
5317,0,0,"0,00"
5323,0,0,"0,00"
5311,0,0,"0,00"
5326,0,0,"0,00"
5321,0,0,"0,00"
5325,0,0,"0,00"
5324,0,0,"0,00"
5309,0,0,"0,00"
5320,0,0,"0,00"
5327,0,0,"0,00"
5322,0,0,"0,00"
5328,0,0,"0,00"
5333,0,0,"0,00"
5329,0,0,"0,00"
5334,0,0,"0,00"
5337,0,0,"0,00"
5330,0,0,"0,00"
5335,0,0,"0,00"
5339,0,0,"0,00"
5338,0,0,"0,00"
5331,0,0,"0,00"
5312,0,0,"0,00"
5341,0,0,"0,00"
5343,0,0,"0,00"
5344,0,0,"0,00"
5347,0,0,"0,00"
5319,0,0,"0,00"
5340,0,0,"0,00"
5346,0,0,"0,00"
5345,0,0,"0,00"
5348,0,0,"0,00"
5349,0,0,"0,00"
5361,0,0,"0,00"
5350,0,0,"0,00"
5353,0,0,"0,00"
5360,0,0,"0,00"
5362,0,0,"0,00"
5367,0,0,"0,00"
5365,0,0,"0,00"
5368,0,0,"0,00"
5363,0,0,"0,00"
5369,0,0,"0,00"
5372,0,0,"0,00"
5366,0,0,"0,00"
5374,0,0,"0,00"
5332,0,0,"0,00"
5342,0,0,"0,00"
5375,0,0,"0,00"
5376,0,0,"0,00"
5370,0,0,"0,00"
5378,0,0,"0,00"
5390,0,0,"0,00"
5386,0,0,"0,00"
5377,0,0,"0,00"
5351,0,0,"0,00"
5364,0,0,"0,00"
5387,0,0,"0,00"
5392,0,0,"0,00"
5388,0,0,"0,00"
5379,0,0,"0,00"
5391,0,0,"0,00"
5394,0,0,"0,00"
5397,0,0,"0,00"
5399,0,0,"0,00"
5371,0,0,"0,00"
5398,0,0,"0,00"
5396,0,0,"0,00"
5401,0,0,"0,00"
5404,0,0,"0,00"
5414,0,0,"0,00"
5415,0,0,"0,00"
5402,0,0,"0,00"
5410,0,0,"0,00"
5411,0,0,"0,00"
5419,0,0,"0,00"
5400,0,0,"0,00"
5418,0,0,"0,00"
5416,0,0,"0,00"
5420,0,0,"0,00"
5389,0,0,"0,00"
5422,0,0,"0,00"
5426,0,0,"0,00"
5395,0,0,"0,00"
5424,0,0,"0,00"
5430,0,0,"0,00"
5428,0,0,"0,00"
5427,0,0,"0,00"
5445,0,0,"0,00"
5405,0,0,"0,00"
5434,0,0,"0,00"
5433,0,0,"0,00"
5435,0,0,"0,00"
5406,0,0,"0,00"
5446,0,0,"0,00"
5447,0,0,"0,00"
5450,0,0,"0,00"
5456,0,0,"0,00"
5409,0,0,"0,00"
5459,0,0,"0,00"
5451,0,0,"0,00"
5461,0,0,"0,00"
5460,0,0,"0,00"
5457,0,0,"0,00"
5462,0,0,"0,00"
5463,0,0,"0,00"
5465,0,0,"0,00"
5467,0,0,"0,00"
5471,0,0,"0,00"
5475,0,0,"0,00"
5473,0,0,"0,00"
5449,0,0,"0,00"
5474,0,0,"0,00"
5476,0,0,"0,00"
5479,0,0,"0,00"
5455,0,0,"0,00"
5480,0,0,"0,00"
5453,0,0,"0,00"
5484,0,0,"0,00"
5477,0,0,"0,00"
5483,0,0,"0,00"
5487,0,0,"0,00"
5481,0,0,"0,00"
5486,0,0,"0,00"
5464,0,0,"0,00"
5488,0,0,"0,00"
5470,0,0,"0,00"
5472,0,0,"0,00"
5496,0,0,"0,00"
5495,0,0,"0,00"
5494,0,0,"0,00"
5492,0,0,"0,00"
5468,0,0,"0,00"
5499,0,0,"0,00"
5500,0,0,"0,00"
5507,0,0,"0,00"
5501,0,0,"0,00"
5503,0,0,"0,00"
5504,0,0,"0,00"
5497,0,0,"0,00"
5510,0,0,"0,00"
5478,0,0,"0,00"
5513,0,0,"0,00"
5516,0,0,"0,00"
5514,0,0,"0,00"
5515,0,0,"0,00"
5520,0,0,"0,00"
5519,0,0,"0,00"
5517,0,0,"0,00"
5518,0,0,"0,00"
5522,0,0,"0,00"
5521,0,0,"0,00"
5489,0,0,"0,00"
5512,0,0,"0,00"
5526,0,0,"0,00"
5523,0,0,"0,00"
5502,0,0,"0,00"
5529,0,0,"0,00"
5505,0,0,"0,00"
5532,0,0,"0,00"
5531,0,0,"0,00"
5530,0,0,"0,00"
5511,0,0,"0,00"
5527,0,0,"0,00"
5533,0,0,"0,00"
5534,0,0,"0,00"
5535,0,0,"0,00"
5538,0,0,"0,00"
5524,0,0,"0,00"
5541,0,0,"0,00"
5540,0,0,"0,00"
5537,0,0,"0,00"
5542,0,0,"0,00"
5539,0,0,"0,00"
5543,0,0,"0,00"
5544,0,0,"0,00"
5545,0,0,"0,00"
5547,0,0,"0,00"
5546,0,0,"0,00"
5550,0,0,"0,00"
5525,0,0,"0,00"
5551,0,0,"0,00"
5553,0,0,"0,00"
5552,0,0,"0,00"
5555,0,0,"0,00"
5558,0,0,"0,00"
5560,0,0,"0,00"
5561,0,0,"0,00"
5559,0,0,"0,00"
5536,0,0,"0,00"
5554,0,0,"0,00"
5557,0,0,"0,00"
5562,0,0,"0,00"
5565,0,0,"0,00"
5564,0,0,"0,00"
5563,0,0,"0,00"
5566,0,0,"0,00"
5570,0,0,"0,00"
5572,0,0,"0,00"
5549,0,0,"0,00"
5567,0,0,"0,00"
5574,0,0,"0,00"
5571,0,0,"0,00"
5568,0,0,"0,00"
5579,0,0,"0,00"
5575,0,0,"0,00"
5578,0,0,"0,00"
5581,0,0,"0,00"
5576,0,0,"0,00"
5580,0,0,"0,00"
5577,0,0,"0,00"
5556,0,0,"0,00"
5583,0,0,"0,00"
5585,0,0,"0,00"
5586,0,0,"0,00"
5587,0,0,"0,00"
5589,0,0,"0,00"
5588,0,0,"0,00"
5592,0,0,"0,00"
5594,0,0,"0,00"
5569,0,0,"0,00"
5573,0,0,"0,00"
5593,0,0,"0,00"
5597,0,0,"0,00"
5596,0,0,"0,00"
5598,0,0,"0,00"
5599,0,0,"0,00"
5595,0,0,"0,00"
5601,0,0,"0,00"
5604,0,0,"0,00"
5603,0,0,"0,00"
5602,0,0,"0,00"
5582,0,0,"0,00"
5584,0,0,"0,00"
5609,0,0,"0,00"
5600,0,0,"0,00"
5607,0,0,"0,00"
5605,0,0,"0,00"
5606,0,0,"0,00"
5608,0,0,"0,00"
5591,0,0,"0,00"
5611,0,0,"0,00"
5614,0,0,"0,00"
5612,0,0,"0,00"
5613,0,0,"0,00"
5615,0,0,"0,00"
5590,0,0,"0,00"
5617,0,0,"0,00"
5616,0,0,"0,00"
5618,0,0,"0,00"
5627,0,0,"0,00"
5619,0,0,"0,00"
5626,0,0,"0,00"
5622,0,0,"0,00"
5621,0,0,"0,00"
5620,0,0,"0,00"
5629,0,0,"0,00"
5633,0,0,"0,00"
5631,0,0,"0,00"
5628,0,0,"0,00"
5630,0,0,"0,00"
5637,0,0,"0,00"
5635,0,0,"0,00"
5632,0,0,"0,00"
5623,0,0,"0,00"
5634,0,0,"0,00"
5639,0,0,"0,00"
5638,0,0,"0,00"
5640,0,0,"0,00"
5641,0,0,"0,00"
5610,0,0,"0,00"
5646,0,0,"0,00"
5642,0,0,"0,00"
5643,0,0,"0,00"
5649,0,0,"0,00"
5644,0,0,"0,00"
5647,0,0,"0,00"
5645,0,0,"0,00"
5653,0,0,"0,00"
5652,0,0,"0,00"
5651,0,0,"0,00"
5648,0,0,"0,00"
5655,0,0,"0,00"
5654,0,0,"0,00"
5656,0,0,"0,00"
5658,0,0,"0,00"
5636,0,0,"0,00"
5657,0,0,"0,00"
5662,0,0,"0,00"
5660,0,0,"0,00"
5664,0,0,"0,00"
5661,0,0,"0,00"
5667,0,0,"0,00"
5670,0,0,"0,00"
5672,0,0,"0,00"
5666,0,0,"0,00"
5669,0,0,"0,00"
5663,0,0,"0,00"
5650,0,0,"0,00"
5675,0,0,"0,00"
5677,0,0,"0,00"
5673,0,0,"0,00"
5678,0,0,"0,00"
5683,0,0,"0,00"
5682,0,0,"0,00"
5686,0,0,"0,00"
5685,0,0,"0,00"
5665,0,0,"0,00"
5681,0,0,"0,00"
5684,0,0,"0,00"
5679,0,0,"0,00"
5688,0,0,"0,00"
5659,0,0,"0,00"
5689,0,0,"0,00"
5671,0,0,"0,00"
5668,0,0,"0,00"
5692,0,0,"0,00"
5674,0,0,"0,00"
5690,0,0,"0,00"
5695,0,0,"0,00"
5676,0,0,"0,00"
5693,0,0,"0,00"
5697,0,0,"0,00"
5694,0,0,"0,00"
5698,0,0,"0,00"
5680,0,0,"0,00"
5700,0,0,"0,00"
5699,0,0,"0,00"
5701,0,0,"0,00"
5687,0,0,"0,00"
5703,0,0,"0,00"
5702,0,0,"0,00"
5706,0,0,"0,00"
5709,0,0,"0,00"
5707,0,0,"0,00"
5710,0,0,"0,00"
5714,0,0,"0,00"
5716,0,0,"0,00"
5691,0,0,"0,00"
5715,0,0,"0,00"
5712,0,0,"0,00"
5719,0,0,"0,00"
5720,0,0,"0,00"
5711,0,0,"0,00"
5721,0,0,"0,00"
5724,0,0,"0,00"
5718,0,0,"0,00"
5725,0,0,"0,00"
5722,0,0,"0,00"
5727,0,0,"0,00"
5696,0,0,"0,00"
5728,0,0,"0,00"
5717,0,0,"0,00"
5730,0,0,"0,00"
5708,0,0,"0,00"
5729,0,0,"0,00"
5732,0,0,"0,00"
5731,0,0,"0,00"
5738,0,0,"0,00"
5741,0,0,"0,00"
5740,0,0,"0,00"
5734,0,0,"0,00"
5737,0,0,"0,00"
5713,0,0,"0,00"
5736,0,0,"0,00"
5743,0,0,"0,00"
5745,0,0,"0,00"
5746,0,0,"0,00"
5747,0,0,"0,00"
5744,0,0,"0,00"
5748,0,0,"0,00"
5726,0,0,"0,00"
5750,0,0,"0,00"
5749,0,0,"0,00"
5757,0,0,"0,00"
5752,0,0,"0,00"
5755,0,0,"0,00"
5758,0,0,"0,00"
5753,0,0,"0,00"
5756,0,0,"0,00"
5759,0,0,"0,00"
5751,0,0,"0,00"
5735,0,0,"0,00"
5760,0,0,"0,00"
5762,0,0,"0,00"
5739,0,0,"0,00"
5763,0,0,"0,00"
5764,0,0,"0,00"
5761,0,0,"0,00"
5742,0,0,"0,00"
5767,0,0,"0,00"
5770,0,0,"0,00"
5768,0,0,"0,00"
5771,0,0,"0,00"
5774,0,0,"0,00"
5769,0,0,"0,00"
5754,0,0,"0,00"
5779,0,0,"0,00"
5780,0,0,"0,00"
5776,0,0,"0,00"
5778,0,0,"0,00"
5772,0,0,"0,00"
5773,0,0,"0,00"
5781,0,0,"0,00"
5775,0,0,"0,00"
5783,0,0,"0,00"
5766,0,0,"0,00"
5782,0,0,"0,00"
5765,0,0,"0,00"
5790,0,0,"0,00"
5787,0,0,"0,00"
5789,0,0,"0,00"
5785,0,0,"0,00"
5788,0,0,"0,00"
5793,0,0,"0,00"
5795,0,0,"0,00"
5796,0,0,"0,00"
5791,0,0,"0,00"
5801,0,0,"0,00"
5786,0,0,"0,00"
5797,0,0,"0,00"
5798,0,0,"0,00"
5804,0,0,"0,00"
5803,0,0,"0,00"
5808,0,0,"0,00"
5809,0,0,"0,00"
5802,0,0,"0,00"
5810,0,0,"0,00"
5812,0,0,"0,00"
5784,0,0,"0,00"
5811,0,0,"0,00"
5813,0,0,"0,00"
5818,0,0,"0,00"
5794,0,0,"0,00"
5820,0,0,"0,00"
5815,0,0,"0,00"
5817,0,0,"0,00"
5821,0,0,"0,00"
5823,0,0,"0,00"
5822,0,0,"0,00"
5824,0,0,"0,00"
5805,0,0,"0,00"
5799,0,0,"0,00"
5825,0,0,"0,00"
5826,0,0,"0,00"
5807,0,0,"0,00"
5828,0,0,"0,00"
5829,0,0,"0,00"
5777,0,0,"0,00"
5830,0,0,"0,00"
5831,0,0,"0,00"
5832,0,0,"0,00"
5836,0,0,"0,00"
5835,0,0,"0,00"
5833,0,0,"0,00"
5834,0,0,"0,00"
5837,0,0,"0,00"
5816,0,0,"0,00"
5839,0,0,"0,00"
5842,0,0,"0,00"
5840,0,0,"0,00"
5819,0,0,"0,00"
5827,0,0,"0,00"
5841,0,0,"0,00"
5838,0,0,"0,00"
5843,0,0,"0,00"
5847,0,0,"0,00"
5850,0,0,"0,00"
5848,0,0,"0,00"
5844,0,0,"0,00"
5846,0,0,"0,00"
5851,0,0,"0,00"
5852,0,0,"0,00"
5854,0,0,"0,00"
5849,0,0,"0,00"
5806,0,0,"0,00"
5856,0,0,"0,00"
5853,0,0,"0,00"
5857,0,0,"0,00"
5858,0,0,"0,00"
5859,0,0,"0,00"
5862,0,0,"0,00"
5865,0,0,"0,00"
5863,0,0,"0,00"
5814,0,0,"0,00"
5861,0,0,"0,00"
5855,0,0,"0,00"
5860,0,0,"0,00"
5868,0,0,"0,00"
5845,0,0,"0,00"
5870,0,0,"0,00"
5873,0,0,"0,00"
5864,0,0,"0,00"
5871,0,0,"0,00"
5872,0,0,"0,00"
5876,0,0,"0,00"
5878,0,0,"0,00"
5882,0,0,"0,00"
5875,0,0,"0,00"
5877,0,0,"0,00"
5880,0,0,"0,00"
5879,0,0,"0,00"
5883,0,0,"0,00"
5881,0,0,"0,00"
5884,0,0,"0,00"
5888,0,0,"0,00"
5866,0,0,"0,00"
5890,0,0,"0,00"
5889,0,0,"0,00"
5867,0,0,"0,00"
5896,0,0,"0,00"
5869,0,0,"0,00"
5894,0,0,"0,00"
5886,0,0,"0,00"
5897,0,0,"0,00"
5900,0,0,"0,00"
5901,0,0,"0,00"
5895,0,0,"0,00"
5898,0,0,"0,00"
5899,0,0,"0,00"
5874,0,0,"0,00"
5903,0,0,"0,00"
5904,0,0,"0,00"
5885,0,0,"0,00"
5887,0,0,"0,00"
5908,0,0,"0,00"
5907,0,0,"0,00"
5911,0,0,"0,00"
5909,0,0,"0,00"
5913,0,0,"0,00"
5915,0,0,"0,00"
5905,0,0,"0,00"
5918,0,0,"0,00"
5891,0,0,"0,00"
5916,0,0,"0,00"
5912,0,0,"0,00"
5917,0,0,"0,00"
5921,0,0,"0,00"
5902,0,0,"0,00"
5910,0,0,"0,00"
5922,0,0,"0,00"
5929,0,0,"0,00"
5926,0,0,"0,00"
5927,0,0,"0,00"
5928,0,0,"0,00"
5906,0,0,"0,00"
5931,0,0,"0,00"
5936,0,0,"0,00"
5932,0,0,"0,00"
5938,0,0,"0,00"
5940,0,0,"0,00"
5937,0,0,"0,00"
5933,0,0,"0,00"
5914,0,0,"0,00"
5942,0,0,"0,00"
5939,0,0,"0,00"
5943,0,0,"0,00"
5944,0,0,"0,00"
5949,0,0,"0,00"
5947,0,0,"0,00"
5946,0,0,"0,00"
5951,0,0,"0,00"
5950,0,0,"0,00"
5945,0,0,"0,00"
5958,0,0,"0,00"
5934,0,0,"0,00"
5957,0,0,"0,00"
5962,0,0,"0,00"
5960,0,0,"0,00"
5941,0,0,"0,00"
5930,0,0,"0,00"
5959,0,0,"0,00"
5963,0,0,"0,00"
5935,0,0,"0,00"
5956,0,0,"0,00"
5966,0,0,"0,00"
5964,0,0,"0,00"
5965,0,0,"0,00"
5969,0,0,"0,00"
5968,0,0,"0,00"
5972,0,0,"0,00"
5967,0,0,"0,00"
5954,0,0,"0,00"
5970,0,0,"0,00"
5952,0,0,"0,00"
5971,0,0,"0,00"
5979,0,0,"0,00"
5976,0,0,"0,00"
5955,0,0,"0,00"
5975,0,0,"0,00"
5981,0,0,"0,00"
5980,0,0,"0,00"
5977,0,0,"0,00"
5961,0,0,"0,00"
5982,0,0,"0,00"
5984,0,0,"0,00"
5988,0,0,"0,00"
5983,0,0,"0,00"
5985,0,0,"0,00"
5991,0,0,"0,00"
5990,0,0,"0,00"
5994,0,0,"0,00"
5995,0,0,"0,00"
5993,0,0,"0,00"
5987,0,0,"0,00"
5989,0,0,"0,00"
5974,0,0,"0,00"
5992,0,0,"0,00"
5973,0,0,"0,00"
5996,0,0,"0,00"
6040,0,"5,99","5,99"
6000,0,"9,99","9,99"
6030,0,"9,99","9,99"
6010,0,"5,99","5,99"
6020,0,"9,99","9,99"
6060,0,"9,99","9,99"
6090,0,"5,99","5,99"
6110,0,0,"0,00"
6129,0,"9,99","9,99"
6080,0,"9,99","9,99"
6130,0,0,"0,00"
6120,0,"9,99","9,99"
6122,0,0,"0,00"
6200,0,"4,99","4,99"
5986,0,0,"0,00"
6210,0,"4,99","4,99"
6290,0,0,"0,00"
6250,0,"3,99","3,99"
6260,0,0,"0,00"
6230,0,0,"0,00"
6270,80,"3,95","0,79"
6300,0,"19,99","19,99"
6320,0,0,"0,00"
6340,0,0,"0,00"
6360,0,0,"0,00"
6330,0,0,"0,00"
6410,0,0,"0,00"
6310,0,"9,99","9,99"
6350,0,0,"0,00"
6510,77,"14,96","3,44"
6530,0,0,"0,00"
6520,0,0,"0,00"
6370,0,0,"0,00"
6570,0,0,"0,00"
6100,0,"9,99","9,99"
6220,0,"7,49","7,49"
6540,0,0,"0,00"
6610,0,0,"0,00"
6420,80,"9,95","1,99"
6590,0,0,"0,00"
6720,0,0,"0,00"
6600,0,"3,99","3,99"
6700,0,0,"0,00"
6810,0,"4,99","4,99"
6840,0,"4,99","4,99"
6820,0,0,"0,00"
6860,90,"9,90","0,99"
6870,86,"6,93","0,97"
6850,90,"8,90","0,89"
6910,0,"6,99","6,99"
6900,90,"7,90","0,79"
6400,0,"7,99","7,99"
6930,0,0,"0,00"
6980,0,"8,99","8,99"
6920,0,"6,99","6,99"
7010,85,"5,93","0,89"
6940,0,0,"0,00"
7000,0,"6,99","6,99"
7020,0,"9,99","9,99"
7060,0,0,"0,00"
7030,0,0,"0,00"
6830,0,"4,99","4,99"
7200,0,"29,99","29,99"
7210,0,"4,99","4,99"
6800,0,"4,99","4,99"
7080,0,0,"0,00"
7050,0,0,"0,00"
7280,0,0,"0,00"
7203,0,0,"0,00"
7110,0,"14,99","14,99"
6880,86,"6,93","0,97"
7230,0,0,"0,00"
7240,0,0,"0,00"
7290,0,0,"0,00"
7250,0,0,"0,00"
7260,0,"9,99","9,99"
7220,0,"4,99","4,99"
7340,0,"9,99","9,99"
7270,0,0,"0,00"
6950,0,0,"0,00"
7400,0,0,"0,00"
7410,0,0,"0,00"
7440,0,0,"0,00"
7510,0,"12,99","12,99"
7470,0,0,"0,00"
7600,0,"9,99","9,99"
7430,0,0,"0,00"
7450,0,0,"0,00"
7490,0,0,"0,00"
7500,0,0,"0,00"
7630,0,0,"0,00"
7610,0,"9,99","9,99"
7620,0,"4,99","4,99"
6580,0,0,"0,00"
7650,0,"4,99","4,99"
7660,0,"4,99","4,99"
7710,0,0,"0,00"
7520,0,"24,99","24,99"
7700,0,0,"0,00"
7730,0,"4,99","4,99"
7670,0,"19,99","19,99"
7740,0,0,"0,00"
7760,0,"4,99","4,99"
7770,0,"4,99","4,99"
7420,0,0,"0,00"
7810,0,0,"0,00"
7870,0,0,"0,00"
7820,0,0,"0,00"
7800,0,"19,99","19,99"
7790,0,0,"0,00"
7830,0,"4,99","4,99"
7860,0,"4,99","4,99"
7530,0,"9,99","9,99"
7850,0,0,"0,00"
7890,0,0,"0,00"
7880,0,0,"0,00"
7940,50,"19,98","9,99"
7910,0,0,"0,00"
7950,0,0,"0,00"
7930,0,0,"0,00"
8030,0,0,"0,00"
8000,0,"8,99","8,99"
7990,0,0,"0,00"
7980,0,0,"0,00"
8070,0,0,"0,00"
7780,0,0,"0,00"
7840,0,"2,99","2,99"
8090,0,0,"0,00"
8110,0,0,"0,00"
8040,0,0,"0,00"
8140,0,"8,99","8,99"
8100,85,"5,93","0,89"
8150,0,0,"0,00"
8170,0,0,"0,00"
7900,0,0,"0,00"
8180,0,0,"0,00"
8142,0,0,"0,00"
8160,0,0,"0,00"
7920,0,0,"0,00"
8199,0,0,"0,00"
8330,0,"0,99","0,99"
8010,0,0,"0,00"
8320,0,0,"0,00"
8009,0,0,"0,00"
8190,90,"14,90","1,49"
8400,50,"3,98","1,99"
8060,0,0,"0,00"
8310,0,0,"0,00"
8500,0,0,"0,00"
8510,0,0,"0,00"
8080,0,0,"0,00"
8640,0,"7,99","7,99"
8600,0,"7,99","7,99"
8630,0,0,"0,00"
8650,0,"39,99","39,99"
8620,0,0,"0,00"
8690,0,"6,99","6,99"
8662,0,0,"0,00"
8660,0,"7,99","7,99"
8169,0,0,"0,00"
8680,0,0,"0,00"
8179,0,0,"0,00"
8710,0,0,"0,00"
8730,0,0,"0,00"
8750,0,0,"0,00"
8720,0,0,"0,00"
8740,0,0,"0,00"
8760,0,0,"0,00"
8790,0,"7,99","7,99"
8770,0,0,"0,00"
8800,80,"29,95","5,99"
8804,0,0,"0,00"
8840,0,0,"0,00"
8610,0,0,"0,00"
8820,0,0,"0,00"
8859,0,0,"0,00"
8830,0,0,"0,00"
8900,0,0,"0,00"
8880,0,"4,99","4,99"
8670,0,0,"0,00"
8870,0,"29,99","29,99"
8890,0,"4,99","4,99"
8930,75,"29,96","7,49"
8989,0,0,"0,00"
8955,0,0,"0,00"
8970,0,"4,99","4,99"
8980,0,"29,99","29,99"
8910,0,0,"0,00"
8700,0,0,"0,00"
9010,60,"4,98","1,99"
8950,0,0,"0,00"
9050,0,0,"0,00"
9219,60,"9,98","3,99"
8850,0,"19,99","19,99"
9060,0,"4,99","4,99"
9240,0,0,"0,00"
9241,0,0,"0,00"
9120,0,0,"0,00"
9310,0,0,"0,00"
9350,80,"12,95","2,59"
9320,0,0,"0,00"
9370,0,0,"0,00"
9340,0,"19,99","19,99"
9420,80,"12,95","2,59"
9450,0,0,"0,00"
9480,0,"9,99","9,99"
9510,0,0,"0,00"
9330,0,0,"0,00"
8990,67,"29,97","9,89"
9500,0,"9,99","9,99"
9460,0,"19,99","19,99"
9180,60,"4,98","1,99"
9730,0,"9,99","9,99"
9810,0,0,"0,00"
9200,60,"9,98","3,99"
9710,0,"9,99","9,99"
9740,0,0,"0,00"
9300,0,0,"0,00"
9760,0,"2,99","2,99"
9860,0,0,"0,00"
9870,0,"9,99","9,99"
9880,0,0,"0,00"
9850,75,"14,96","3,74"
9885,0,0,"0,00"
9440,0,0,"0,00"
9360,0,0,"0,00"
9907,0,0,"0,00"
9900,0,0,"0,00"
9890,0,0,"0,00"
9908,0,"24,99","24,99"
9910,0,0,"0,00"
9905,0,0,"0,00"
9906,0,0,"0,00"
9400,0,0,"0,00"
9920,0,0,"0,00"
9940,0,"2,99","2,99"
9942,0,0,"0,00"
9933,0,0,"0,00"
9949,0,0,"0,00"
9800,0,"4,99","4,99"
9932,0,0,"0,00"
9950,0,0,"0,00"
9970,0,"9,99","9,99"
9980,0,"6,99","6,99"
10010,0,0,"0,00"
9985,0,0,"0,00"
10000,0,0,"0,00"
9990,0,"9,99","9,99"
10040,0,0,"0,00"
10050,0,0,"0,00"
10080,0,0,"0,00"
10090,25,"19,99","14,99"
10110,67,"19,97","6,59"
9960,0,"5,99","5,99"
10170,0,0,"0,00"
10140,67,"9,97","3,29"
10159,0,0,"0,00"
10150,75,"19,96","4,99"
10195,35,"14,98","9,74"
10190,25,"19,99","14,99"
10196,35,"14,98","9,74"
10180,25,"19,99","14,99"
10197,0,0,"0,00"
10230,0,"7,99","7,99"
10220,0,"5,99","5,99"
10240,0,"6,99","6,99"
10030,0,0,"0,00"
10270,60,"9,98","3,99"
10250,0,"6,99","6,99"
10100,50,"19,98","9,99"
10400,0,0,"0,00"
10410,0,0,"0,00"
10420,0,0,"0,00"
10440,0,0,"0,00"
10460,0,"14,99","14,99"
10260,0,"6,99","6,99"
10430,0,0,"0,00"
10490,0,0,"0,00"
10470,0,0,"0,00"
10130,50,"19,98","9,99"
10500,0,"24,99","24,99"
10120,67,"9,97","3,29"
10480,0,0,"0,00"
10519,0,0,"0,00"
10520,0,0,"0,00"
10540,0,0,"0,00"
10546,0,0,"0,00"
10545,0,0,"0,00"
10199,0,0,"0,00"
10510,0,0,"0,00"
10560,0,0,"0,00"
10570,0,0,"0,00"
10590,0,0,"0,00"
10601,0,0,"0,00"
10600,75,"24,96","6,24"
10606,0,"24,99","24,99"
10603,0,0,"0,00"
10620,0,0,"0,00"
10602,0,0,"0,00"
10609,0,0,"0,00"
10608,0,"24,99","24,99"
10630,0,0,"0,00"
10690,0,0,"0,00"
10660,0,0,"0,00"
10650,0,0,"0,00"
10695,0,"7,49","7,49"
10604,0,"24,99","24,99"
10607,0,"24,99","24,99"
10699,0,0,"0,00"
10696,0,0,"0,00"
11020,0,0,"0,00"
11000,0,0,"0,00"
11050,0,"9,99","9,99"
10697,60,"7,48","2,99"
11090,0,0,"0,00"
11070,0,0,"0,00"
11130,0,0,"0,00"
11060,0,0,"0,00"
10640,0,0,"0,00"
11080,0,0,"0,00"
11150,0,"9,99","9,99"
11120,0,0,"0,00"
10605,0,0,"0,00"
11170,0,0,"0,00"
11190,0,"9,99","9,99"
10680,0,"14,99","14,99"
11180,0,"9,99","9,99"
10700,0,0,"0,00"
11179,0,0,"0,00"
11202,0,0,"0,00"
11240,0,"4,99","4,99"
11220,0,0,"0,00"
11230,0,"2,99","2,99"
11260,0,"7,99","7,99"
11350,0,0,"0,00"
11250,0,"7,99","7,99"
11340,0,"4,99","4,99"
11040,0,"9,99","9,99"
11280,0,"5,99","5,99"
11424,0,0,"0,00"
11370,80,"4,95","0,99"
11172,0,0,"0,00"
11390,0,"4,99","4,99"
11140,0,"9,99","9,99"
11460,0,0,"0,00"
11480,0,"4,99","4,99"
11450,0,"4,99","4,99"
11500,0,0,"0,00"
11470,0,0,"0,00"
11520,0,0,"0,00"
11550,0,"9,99","9,99"
11605,0,0,"0,00"
11920,0,0,"0,00"
11900,0,"9,99","9,99"
12140,0,"9,99","9,99"
11440,0,0,"0,00"
11610,0,0,"0,00"
12130,0,"9,99","9,99"
11420,0,0,"0,00"
11270,0,0,"0,00"
11600,0,0,"0,00"
11910,0,0,"0,00"
12150,0,"9,99","9,99"
11604,0,0,"0,00"
12170,0,0,"0,00"
12180,0,0,"0,00"
12200,65,"14,97","5,24"
12219,0,0,"0,00"
12210,0,"19,99","19,99"
11602,0,0,"0,00"
12300,0,0,"0,00"
12220,0,0,"0,00"
12320,0,"9,99","9,99"
12260,0,0,"0,00"
11603,0,0,"0,00"
12364,0,0,"0,00"
12392,0,0,"0,00"
12310,80,"9,95","1,99"
12360,0,"19,99","19,99"
12370,0,"19,99","19,99"
12420,80,"5,95","1,19"
12390,0,"14,99","14,99"
12400,0,0,"0,00"
12450,0,"9,99","9,99"
12380,75,"19,96","4,99"
12440,80,"13,95","2,79"
12430,0,"4,99","4,99"
12460,0,"3,99","3,99"
12530,0,"9,99","9,99"
12550,0,0,"0,00"
12480,0,"9,99","9,99"
12580,0,"9,99","9,99"
12520,0,"9,99","9,99"
12570,0,"9,99","9,99"
12590,0,"9,99","9,99"
12650,0,"6,99","6,99"
12640,0,"9,99","9,99"
12330,80,"8,95","1,79"
12540,0,"9,99","9,99"
12560,0,"9,99","9,99"
12660,0,"6,99","6,99"
11200,0,"9,99","9,99"
12600,0,"9,99","9,99"
12670,0,"9,99","9,99"
12630,0,"9,99","9,99"
12690,0,"9,99","9,99"
12800,0,0,"0,00"
12500,0,"9,99","9,99"
12720,0,0,"0,00"
12710,0,"9,99","9,99"
12470,0,"5,99","5,99"
12810,0,"9,99","9,99"
12860,0,0,"0,00"
12840,0,0,"0,00"
12880,0,0,"0,00"
12850,0,0,"0,00"
12820,0,0,"0,00"
12510,0,"9,99","9,99"
12819,0,0,"0,00"
12849,0,0,"0,00"
12900,0,"9,99","9,99"
12890,0,0,"0,00"
13010,0,0,"0,00"
13000,0,"4,99","4,99"
13120,0,0,"0,00"
13530,0,"9,99","9,99"
13570,75,"9,96","2,49"
13600,80,"9,95","1,99"
13630,0,"4,99","4,99"
13510,0,0,"0,00"
13500,0,"9,99","9,99"
13540,0,"9,99","9,99"
13620,0,"4,99","4,99"
12799,0,0,"0,00"
13640,0,0,"0,00"
13560,0,"9,99","9,99"
13520,0,"9,99","9,99"
13180,0,0,"0,00"
13700,0,0,"0,00"
13580,0,"9,99","9,99"
13650,0,0,"0,00"
12910,0,0,"0,00"
15100,75,"19,96","4,99"
13260,0,0,"0,00"
13660,0,0,"0,00"
15000,75,"9,96","2,49"
15060,0,0,"0,00"
15140,0,"9,99","9,99"
15160,0,"9,99","9,99"
15190,0,"9,99","9,99"
15150,0,"9,99","9,99"
13140,0,0,"0,00"
15130,0,0,"0,00"
15170,0,"9,99","9,99"
15210,0,"9,99","9,99"
15260,0,0,"0,00"
15270,0,"9,99","9,99"
15240,0,"9,99","9,99"
15300,70,"9,97","2,99"
15330,0,0,"0,00"
15320,0,"9,99","9,99"
15290,0,0,"0,00"
15280,0,"9,99","9,99"
15310,0,0,"0,00"
15350,0,"9,99","9,99"
15120,0,"9,99","9,99"
15380,75,"9,96","2,49"
15390,0,"9,99","9,99"
15370,75,"9,96","2,49"
15400,0,"7,99","7,99"
15080,0,"9,99","9,99"
15522,0,"1,99","1,99"
15560,0,"9,99","9,99"
15510,0,0,"0,00"
15200,0,"9,99","9,99"
15500,0,"9,99","9,99"
15640,0,0,"0,00"
15220,0,0,"0,00"
15660,0,0,"0,00"
15529,0,0,"0,00"
15700,0,"2,99","2,99"
15669,0,0,"0,00"
15710,0,"2,99","2,99"
15720,0,0,"0,00"
15360,0,0,"0,00"
15730,0,0,"0,00"
15810,0,0,"0,00"
15800,0,"9,99","9,99"
15680,0,0,"0,00"
15750,0,"9,99","9,99"
15530,0,0,"0,00"
15520,0,"9,99","9,99"
15550,0,0,"0,00"
15942,0,0,"0,00"
15922,0,0,"0,00"
15920,0,"9,99","9,99"
15910,0,"9,99","9,99"
15930,0,"9,99","9,99"
15620,0,"49,99","49,99"
15952,0,0,"0,00"
15962,0,0,"0,00"
15970,0,"9,99","9,99"
15932,0,0,"0,00"
15940,0,0,"0,00"
15740,0,"4,99","4,99"
15980,0,0,"0,00"
15972,0,0,"0,00"
16022,0,0,"0,00"
16002,0,0,"0,00"
16020,0,"9,99","9,99"
15902,0,0,"0,00"
15396,0,0,"0,00"
16000,0,"9,99","9,99"
15982,0,0,"0,00"
15992,0,0,"0,00"
15900,0,"9,99","9,99"
16042,0,0,"0,00"
16032,0,0,"0,00"
16060,0,"9,99","9,99"
15960,0,"9,99","9,99"
15912,0,0,"0,00"
15990,0,0,"0,00"
16090,0,0,"0,00"
16062,0,0,"0,00"
16150,0,0,"0,00"
16100,0,"9,99","9,99"
16130,0,"9,99","9,99"
16170,0,0,"0,00"
16160,0,0,"0,00"
16210,0,0,"0,00"
16098,0,0,"0,00"
16420,0,0,"0,00"
16180,0,"9,99","9,99"
16140,0,0,"0,00"
16200,0,"9,99","9,99"
16190,0,0,"0,00"
16030,0,"9,99","9,99"
16465,80,"9,95","1,99"
16300,0,"9,99","9,99"
16040,0,"9,99","9,99"
16470,0,0,"0,00"
16480,0,0,"0,00"
16475,0,0,"0,00"
16610,0,0,"0,00"
16620,0,"19,99","19,99"
16500,0,"2,99","2,99"
16510,0,0,"0,00"
16110,0,"9,99","9,99"
16120,0,"9,99","9,99"
16630,0,0,"0,00"
16860,0,"2,99","2,99"
16720,0,"5,99","5,99"
16730,0,"5,99","5,99"
16710,0,"3,99","3,99"
16862,0,"2,99","2,99"
16450,0,"14,99","14,99"
16700,0,0,"0,00"
16863,0,"2,99","2,99"
16865,0,0,"0,00"
16866,0,"4,99","4,99"
16810,80,"29,95","5,99"
16872,0,0,"0,00"
16867,0,"7,49","7,49"
16871,0,0,"0,00"
16479,0,0,"0,00"
16600,0,"9,99","9,99"
17020,0,0,"0,00"
16870,10,"29,99","26,99"
17000,0,0,"0,00"
17050,0,0,"0,00"
16861,0,"2,99","2,99"
16830,0,0,"0,00"
17040,0,0,"0,00"
17030,0,0,"0,00"
17095,0,0,"0,00"
17080,0,0,"0,00"
17096,0,0,"0,00"
17100,0,"7,99","7,99"
17097,0,"9,99","9,99"
16868,0,"4,99","4,99"
17110,0,0,"0,00"
17140,0,"9,99","9,99"
16864,0,0,"0,00"
17120,0,"2,49","2,49"
17330,0,"19,99","19,99"
17210,0,0,"0,00"
16900,0,"29,99","29,99"
17310,0,0,"0,00"
16879,0,0,"0,00"
17311,0,0,"0,00"
17312,0,0,"0,00"
17180,0,"9,99","9,99"
17390,0,"19,99","19,99"
17410,0,"19,99","19,99"
17400,0,0,"0,00"
17420,0,0,"0,00"
17460,0,"29,99","29,99"
17470,0,"19,99","19,99"
17480,0,"19,88","19,88"
17525,0,0,"0,00"
17510,0,0,"0,00"
17500,0,0,"0,00"
17520,0,0,"0,00"
17575,0,0,"0,00"
17340,0,"19,99","19,99"
17220,0,0,"0,00"
17590,0,0,"0,00"
17515,0,0,"0,00"
17580,0,0,"0,00"
17585,0,0,"0,00"
17700,0,0,"0,00"
17550,0,0,"0,00"
17505,0,0,"0,00"
17740,0,0,"0,00"
17440,75,"19,96","4,99"
17730,0,0,"0,00"
17705,0,0,"0,00"
17535,0,0,"0,00"
17714,0,0,"0,00"
17710,0,"9,99","9,99"
17800,0,0,"0,00"
17750,0,0,"0,00"
17760,0,0,"0,00"
17570,0,0,"0,00"
17555,0,0,"0,00"
17790,0,0,"0,00"
18000,0,"7,99","7,99"
17530,0,0,"0,00"
17810,0,0,"0,00"
18030,0,0,"0,00"
18020,0,"7,99","7,99"
18049,0,"14,99","14,99"
18010,0,0,"0,00"
18050,0,"14,99","14,99"
18052,0,0,"0,00"
18040,0,"14,99","14,99"
18053,0,0,"0,00"
18060,0,0,"0,00"
17595,0,0,"0,00"
18059,0,0,"0,00"
18061,0,0,"0,00"
18110,0,0,"0,00"
18100,0,0,"0,00"
18120,0,"9,99","9,99"
18080,0,"1,99","1,99"
18119,0,0,"0,00"
18112,0,0,"0,00"
18408,0,"4,99","4,99"
18300,0,"4,99","4,99"
18400,0,"9,99","9,99"
18407,0,"2,99","2,99"
18403,0,0,"0,00"
18450,0,"9,99","9,99"
18460,0,"9,99","9,99"
18081,0,0,"0,00"
18430,0,"9,99","9,99"
18470,0,"9,99","9,99"
18490,0,0,"0,00"
18480,0,"9,99","9,99"
18500,0,"9,99","9,99"
18522,0,"4,99","4,99"
18521,0,"0,99","0,99"
18509,0,"0,99","0,99"
18510,0,0,"0,00"
18070,0,"14,99","14,99"
18523,0,"4,99","4,99"
18530,0,0,"0,00"
18420,0,"9,99","9,99"
18532,0,0,"0,00"
18531,0,0,"0,00"
18310,0,0,"0,00"
18533,0,0,"0,00"
18610,0,0,"0,00"
18600,0,"9,99","9,99"
18700,0,"9,99","9,99"
18440,0,"4,99","4,99"
18710,0,0,"0,00"
18507,0,0,"0,00"
18709,0,0,"0,00"
18820,0,"4,99","4,99"
18508,0,"0,99","0,99"
19020,0,"9,99","9,99"
19060,0,0,"0,00"
19080,0,"9,99","9,99"
18520,0,"0,99","0,99"
19200,0,"4,99","4,99"
19320,0,"4,99","4,99"
19030,0,"14,99","14,99"
19500,0,"4,99","4,99"
19210,0,0,"0,00"
19680,0,"9,99","9,99"
19000,0,"39,99","39,99"
19830,75,"9,96","2,49"
19840,0,0,"0,00"
19510,0,0,"0,00"
19810,0,"9,99","9,99"
19890,0,0,"0,00"
18534,0,0,"0,00"
19930,0,"19,99","19,99"
19950,0,0,"0,00"
19940,0,0,"0,00"
18800,0,0,"0,00"
19910,0,0,"0,00"
19090,0,"4,99","4,99"
19960,0,0,"0,00"
19970,0,0,"0,00"
19999,0,0,"0,00"
19990,0,0,"0,00"
20202,0,0,"0,00"
20005,0,0,"0,00"
20200,0,"19,99","19,99"
19800,0,"9,99","9,99"
20510,0,"19,99","19,99"
20004,0,0,"0,00"
19330,0,0,"0,00"
20500,0,"19,99","19,99"
19900,0,"9,99","9,99"
20509,0,0,"0,00"
20540,0,"19,99","19,99"
20550,0,"9,99","9,99"
20570,0,0,"0,00"
20560,0,0,"0,00"
20530,0,"9,99","9,99"
20590,0,0,"0,00"
20589,0,0,"0,00"
20700,0,"7,99","7,99"
20820,0,"1,99","1,99"
19980,80,"9,95","1,99"
20710,0,"7,99","7,99"
20900,85,"9,93","1,49"
20840,0,0,"0,00"
20730,0,0,"0,00"
20828,0,"1,99","1,99"
20902,0,0,"0,00"
20930,0,0,"0,00"
20400,0,0,"0,00"
20929,0,0,"0,00"
20520,0,0,"0,00"
21000,0,"19,99","19,99"
21010,0,"4,99","4,99"
21019,0,0,"0,00"
21030,0,"4,99","4,99"
21040,0,0,"0,00"
21039,0,0,"0,00"
21080,0,0,"0,00"
21100,0,"19,99","19,99"
21090,0,"9,99","9,99"
21110,0,"9,99","9,99"
21020,0,0,"0,00"
21120,0,"9,99","9,99"
21150,0,0,"0,00"
20720,0,0,"0,00"
21180,0,0,"0,00"
21160,0,0,"0,00"
21410,0,0,"0,00"
21310,0,0,"0,00"
19989,0,0,"0,00"
20920,85,"19,93","2,99"
21400,0,0,"0,00"
21610,0,0,"0,00"
21500,0,"4,99","4,99"
21300,0,"4,99","4,99"
21510,0,0,"0,00"
21612,0,0,"0,00"
21650,0,0,"0,00"
21070,0,0,"0,00"
21649,0,0,"0,00"
21660,0,0,"0,00"
21089,0,0,"0,00"
21620,0,0,"0,00"
21690,75,"19,96","4,99"
21140,0,0,"0,00"
21670,0,"9,99","9,99"
21679,0,0,"0,00"
21699,0,0,"0,00"
21750,0,0,"0,00"
21730,0,0,"0,00"
21680,68,"9,97","3,19"
21760,0,0,"0,00"
21780,0,"9,99","9,99"
21809,0,0,"0,00"
21900,0,0,"0,00"
21909,0,0,"0,00"
21910,0,0,"0,00"
21929,0,0,"0,00"
21963,0,0,"0,00"
21950,0,0,"0,00"
21960,0,0,"0,00"
21930,0,0,"0,00"
21920,0,0,"0,00"
21669,0,0,"0,00"
21964,0,0,"0,00"
21970,0,"9,99","9,99"
21989,0,0,"0,00"
21979,0,0,"0,00"
21990,0,0,"0,00"
22120,0,"9,99","9,99"
21800,70,"9,97","2,99"
21995,0,"6,99","6,99"
22110,0,0,"0,00"
22130,0,"14,99","14,99"
22180,0,"9,99","9,99"
22160,0,0,"0,00"
22170,0,0,"0,00"
22010,0,0,"0,00"
21940,0,0,"0,00"
22150,0,0,"0,00"
22208,0,0,"0,00"
21130,0,"19,99","19,99"
22200,0,"9,99","9,99"
21980,0,"9,99","9,99"
22230,0,"9,99","9,99"
22310,60,"4,98","1,99"
22220,0,0,"0,00"
21996,0,"9,99","9,99"
22300,75,"9,96","2,49"
22320,60,"14,98","5,99"
22330,75,"14,96","3,74"
22319,0,0,"0,00"
22359,0,0,"0,00"
22340,67,"4,97","1,64"
22333,0,0,"0,00"
22350,0,0,"0,00"
22361,0,"0,99","0,99"
22000,50,"14,98","7,49"
22140,0,0,"0,00"
21999,0,0,"0,00"
22309,0,0,"0,00"
22100,0,"9,99","9,99"
22362,0,0,"0,00"
22365,0,0,"0,00"
22363,0,"0,99","0,99"
22370,67,"19,97","6,59"
22364,0,"2,99","2,99"
22400,0,"4,99","4,99"
22450,70,"4,97","1,49"
22430,0,"4,99","4,99"
22456,0,0,"0,00"
22420,60,"4,98","1,99"
22470,0,"0,99","0,99"
22465,0,0,"0,00"
22460,0,0,"0,00"
22480,0,0,"0,00"
22440,0,"4,99","4,99"
22500,0,"6,99","6,99"
22475,0,0,"0,00"
22410,0,"4,99","4,99"
22521,0,"9,99","9,99"
22360,0,0,"0,00"
22600,80,"19,95","3,99"
22618,0,0,"0,00"
22380,50,"9,98","4,99"
22631,0,"4,99","4,99"
22630,50,"1,98","0,99"
22610,0,"9,99","9,99"
22633,0,"4,99","4,99"
22620,0,0,"0,00"
22637,0,0,"0,00"
22632,0,"4,99","4,99"
22634,0,"4,99","4,99"
22635,0,0,"0,00"
22636,0,0,"0,00"
22638,0,0,"0,00"
22639,0,0,"0,00"
22490,0,"9,99","9,99"
22449,0,0,"0,00"
22640,0,0,"0,00"
22642,0,0,"0,00"
22510,0,"2,99","2,99"
22700,0,0,"0,00"
22658,0,0,"0,00"
22650,0,"9,99","9,99"
22520,0,"3,99","3,99"
22803,0,0,"0,00"
22690,0,0,"0,00"
22680,0,0,"0,00"
22670,80,"9,95","1,99"
22813,0,0,"0,00"
22816,0,0,"0,00"
22641,0,0,"0,00"
22819,0,0,"0,00"
22817,0,0,"0,00"
22660,0,0,"0,00"
22818,0,0,"0,00"
22821,0,0,"0,00"
22885,0,0,"0,00"
22678,0,0,"0,00"
22880,0,0,"0,00"
22825,0,0,"0,00"
22835,0,0,"0,00"
22845,0,0,"0,00"
22812,0,0,"0,00"
22815,0,0,"0,00"
22888,0,0,"0,00"
22800,0,0,"0,00"
22805,0,0,"0,00"
22890,0,0,"0,00"
22814,0,0,"0,00"
22889,0,0,"0,00"
22892,0,0,"0,00"
22893,0,0,"0,00"
22891,0,0,"0,00"
22894,0,0,"0,00"
23130,0,0,"0,00"
22896,0,0,"0,00"
23110,0,0,"0,00"
23150,0,"1,99","1,99"
22895,0,0,"0,00"
23140,0,0,"0,00"
23170,0,0,"0,00"
22870,0,0,"0,00"
22875,0,0,"0,00"
23200,0,0,"0,00"
23300,0,"5,99","5,99"
23319,0,0,"0,00"
23330,0,0,"0,00"
23340,0,0,"0,00"
23100,0,0,"0,00"
23350,0,0,"0,00"
23400,50,"9,98","4,99"
23320,0,0,"0,00"
23360,0,0,"0,00"
23390,0,0,"0,00"
23120,0,0,"0,00"
23410,0,0,"0,00"
23450,65,"9,97","3,49"
23440,0,0,"0,00"
23160,0,0,"0,00"
23470,0,0,"0,00"
23180,0,0,"0,00"
23490,0,"9,99","9,99"
23510,0,0,"0,00"
23550,0,"0,99","0,99"
23480,0,0,"0,00"
23500,0,"9,99","9,99"
23310,0,0,"0,00"
23530,0,"9,99","9,99"
23520,0,0,"0,00"
23551,0,"0,99","0,99"
23552,0,"0,99","0,99"
23553,0,"0,99","0,99"
23700,0,"14,99","14,99"
23380,0,"5,99","5,99"
23600,0,"9,99","9,99"
23420,0,"9,99","9,99"
23455,0,"6,99","6,99"
23469,0,0,"0,00"
24010,0,"29,99","29,99"
24021,0,"12,99","12,99"
23460,0,"3,99","3,99"
24023,0,0,"0,00"
24024,0,0,"0,00"
24026,0,0,"0,00"
24028,0,"24,99","24,99"
24031,0,0,"0,00"
24030,0,0,"0,00"
24032,0,0,"0,00"
24034,0,0,"0,00"
23610,0,0,"0,00"
24036,0,"7,99","7,99"
24037,0,0,"0,00"
24022,0,0,"0,00"
24040,0,0,"0,00"
24042,0,0,"0,00"
24044,0,0,"0,00"
24012,0,"7,99","7,99"
24041,0,0,"0,00"
24043,80,"29,95","5,99"
24046,0,0,"0,00"
24048,0,0,"0,00"
24025,0,0,"0,00"
24029,0,"24,99","24,99"
24033,0,0,"0,00"
24050,0,0,"0,00"
24047,0,0,"0,00"
24039,0,0,"0,00"
24035,0,0,"0,00"
24051,0,0,"0,00"
24038,0,0,"0,00"
24054,0,0,"0,00"
24055,0,"19,99","19,99"
24059,0,0,"0,00"
24058,0,"29,99","29,99"
24056,0,0,"0,00"
24045,0,0,"0,00"
24057,0,0,"0,00"
24060,0,0,"0,00"
24063,0,0,"0,00"
24061,0,0,"0,00"
24062,0,0,"0,00"
24064,0,0,"0,00"
24049,0,"29,99","29,99"
24068,0,0,"0,00"
24065,50,"9,98","4,99"
24053,0,0,"0,00"
24027,0,0,"0,00"
24072,0,0,"0,00"
24052,0,0,"0,00"
24071,0,0,"0,00"
24073,0,0,"0,00"
24078,0,0,"0,00"
24081,0,0,"0,00"
24083,50,"12,98","6,49"
24086,0,0,"0,00"
24084,0,0,"0,00"
24067,0,0,"0,00"
24088,0,0,"0,00"
24085,0,"29,99","29,99"
24087,0,0,"0,00"
24066,0,0,"0,00"
24091,0,0,"0,00"
24090,0,0,"0,00"
24069,0,0,"0,00"
24089,0,0,"0,00"
24076,0,0,"0,00"
24070,60,"8,98","3,59"
24077,0,0,"0,00"
24080,0,0,"0,00"
24079,0,0,"0,00"
24075,0,"4,99","4,99"
24074,0,0,"0,00"
24095,60,"8,98","3,59"
24092,0,0,"0,00"
24093,0,0,"0,00"
24094,0,0,"0,00"
24099,0,0,"0,00"
24098,0,0,"0,00"
24096,60,"12,98","5,19"
24082,60,"4,98","1,99"
24135,0,0,"0,00"
24180,0,0,"0,00"
24209,0,0,"0,00"
24240,90,"14,90","1,49"
24208,0,0,"0,00"
24230,0,0,"0,00"
24210,0,0,"0,00"
24400,0,"9,99","9,99"
24097,0,0,"0,00"
24140,0,0,"0,00"
24110,0,0,"0,00"
24120,0,0,"0,00"
24100,0,0,"0,00"
24150,0,0,"0,00"
24422,0,0,"0,00"
24130,0,0,"0,00"
24447,0,"3,99","3,99"
24449,0,"3,99","3,99"
24440,50,"1,98","0,99"
24200,0,0,"0,00"
24220,0,0,"0,00"
24190,0,0,"0,00"
24460,0,"4,99","4,99"
24410,0,"9,99","9,99"
24451,0,0,"0,00"
24448,0,0,"0,00"
24483,0,0,"0,00"
24420,0,"9,99","9,99"
24470,0,0,"0,00"
24480,0,"9,99","9,99"
24500,0,0,"0,00"
24430,0,0,"0,00"
24610,0,0,"0,00"
24509,0,0,"0,00"
24620,0,0,"0,00"
24496,0,0,"0,00"
24600,0,0,"0,00"
24487,0,0,"0,00"
24486,0,0,"0,00"
24634,0,"16,99","16,99"
24441,0,"1,99","1,99"
24630,0,0,"0,00"
24640,0,"19,99","19,99"
24635,70,"16,97","5,09"
24673,0,0,"0,00"
24670,0,"9,99","9,99"
24660,0,0,"0,00"
24677,0,"16,99","16,99"
24675,0,0,"0,00"
24700,0,0,"0,00"
24678,0,"16,99","16,99"
24488,0,"4,99","4,99"
24679,0,"13,99","13,99"
24790,0,"19,88","19,88"
24780,0,"19,99","19,99"
24800,0,"19,88","19,88"
24760,0,0,"0,00"
24870,0,0,"0,00"
24860,0,0,"0,00"
24859,0,0,"0,00"
24637,0,0,"0,00"
24650,0,"19,99","19,99"
24880,0,"9,99","9,99"
24932,0,0,"0,00"
24810,0,"19,88","19,88"
24720,0,"19,99","19,99"
24676,0,"16,99","16,99"
24674,0,0,"0,00"
24934,0,0,"0,00"
24770,0,0,"0,00"
24936,0,0,"0,00"
24710,0,0,"0,00"
24935,0,0,"0,00"
24937,0,0,"0,00"
24999,0,0,"0,00"
24830,0,0,"0,00"
24820,0,0,"0,00"
24950,0,0,"0,00"
24969,0,0,"0,00"
25000,0,"19,99","19,99"
25010,0,"9,99","9,99"
24850,0,0,"0,00"
25350,0,0,"0,00"
25320,0,0,"0,00"
24920,0,0,"0,00"
25370,0,0,"0,00"
25360,0,0,"0,00"
25380,0,0,"0,00"
25620,0,"5,99","5,99"
25390,0,0,"0,00"
25300,0,0,"0,00"
24939,0,0,"0,00"
25510,0,0,"0,00"
25700,0,"4,99","4,99"
25750,0,0,"0,00"
25730,0,0,"0,00"
25310,0,0,"0,00"
25740,0,0,"0,00"
25330,0,0,"0,00"
25752,0,0,"0,00"
25340,0,0,"0,00"
25753,0,0,"0,00"
25754,0,0,"0,00"
25755,0,0,"0,00"
25758,0,"2,99","2,99"
25500,0,"2,99","2,99"
25757,0,0,"0,00"
25600,0,0,"0,00"
25760,0,"1,99","1,99"
25610,0,0,"0,00"
25806,0,"9,99","9,99"
25710,0,0,"0,00"
25764,0,"2,99","2,99"
25763,0,"1,99","1,99"
25800,0,"14,99","14,99"
25765,0,0,"0,00"
25809,50,"1,98","0,99"
25810,0,"1,99","1,99"
25751,0,0,"0,00"
24938,0,0,"0,00"
25811,0,"1,99","1,99"
25813,0,"1,99","1,99"
25812,0,"1,99","1,99"
25814,0,"1,99","1,99"
25830,75,"9,96","2,49"
25816,50,"1,98","0,99"
25860,0,"9,99","9,99"
25870,0,0,"0,00"
25762,0,"1,99","1,99"
25756,0,0,"0,00"
25840,0,0,"0,00"
25759,0,"1,99","1,99"
25808,0,"9,99","9,99"
25761,0,"1,99","1,99"
25879,0,0,"0,00"
25892,0,"0,99","0,99"
25896,0,"0,99","0,99"
25890,75,"9,96","2,49"
25897,0,"0,99","0,99"
25898,51,"1,00","0,49"
25939,0,0,"0,00"
25910,0,"9,99","9,99"
25920,0,0,"0,00"
25815,0,"1,99","1,99"
25900,0,"6,99","6,99"
25970,0,"0,99","0,99"
25817,0,"4,99","4,99"
25962,51,"1,00","0,49"
25989,0,0,"0,00"
25980,0,"9,99","9,99"
25850,0,"4,99","4,99"
25880,0,0,"0,00"
25990,0,"9,99","9,99"
25899,0,"0,99","0,99"
25893,0,"0,99","0,99"
26006,0,"1,25","1,25"
26010,0,0,"0,00"
25930,0,"9,99","9,99"
26100,0,0,"0,00"
25940,0,"4,99","4,99"
26009,0,0,"0,00"
26110,0,0,"0,00"
26130,0,0,"0,00"
26180,0,0,"0,00"
25960,0,"0,99","0,99"
26170,0,0,"0,00"
26500,0,"5,99","5,99"
26700,0,0,"0,00"
26720,0,0,"0,00"
26803,0,"4,99","4,99"
26800,0,"14,99","14,99"
26810,0,0,"0,00"
26900,0,"19,99","19,99"
26000,0,"9,99","9,99"
26710,0,0,"0,00"
26007,20,"1,25","1,00"
26005,0,"1,25","1,25"
26140,0,0,"0,00"
27000,0,"9,99","9,99"
27020,0,"4,99","4,99"
26120,0,0,"0,00"
26160,0,0,"0,00"
26300,0,"4,99","4,99"
27220,0,0,"0,00"
27200,0,"19,99","19,99"
27610,0,0,"0,00"
27800,0,"9,99","9,99"
26510,0,0,"0,00"
27810,0,"9,99","9,99"
27900,0,"4,99","4,99"
27940,0,"3,99","3,99"
27920,0,"1,99","1,99"
27400,0,"19,99","19,99"
26910,0,0,"0,00"
27910,0,0,"0,00"
27040,0,0,"0,00"
27030,0,0,"0,00"
28010,0,"5,99","5,99"
28011,0,"2,99","2,99"
28013,0,0,"0,00"
28014,0,0,"0,00"
27050,0,"6,99","6,99"
27930,0,0,"0,00"
28017,0,0,"0,00"
28020,0,0,"0,00"
27240,0,0,"0,00"
29017,0,,
28110,0,0,"0,00"
29100,0,0,"0,00"
27300,0,"19,99","19,99"
29110,0,0,"0,00"
28000,0,"9,99","9,99"
29130,0,"4,99","4,99"
29120,0,"4,99","4,99"
28015,0,0,"0,00"
28012,0,"1,99","1,99"
29140,0,0,"0,00"
28019,0,0,"0,00"
29160,0,"4,99","4,99"
29170,0,0,"0,00"
29530,0,0,"0,00"
28061,0,0,"0,00"
28050,0,0,"0,00"
29560,0,"19,99","19,99"
29520,0,0,"0,00"
29180,0,"9,99","9,99"
29540,0,"19,99","19,99"
29200,0,0,"0,00"
29550,0,0,"0,00"
28060,0,0,"0,00"
29500,0,0,"0,00"
29570,0,"29,99","29,99"
29600,0,0,"0,00"
29150,0,0,"0,00"
29590,0,0,"0,00"
29660,0,0,"0,00"
29640,0,0,"0,00"
29670,0,0,"0,00"
29650,0,0,"0,00"
29630,0,0,"0,00"
29720,0,0,"0,00"
29690,0,0,"0,00"
29900,0,"9,99","9,99"
29620,0,0,"0,00"
30000,0,0,"0,00"
29700,0,"19,99","19,99"
30040,0,0,"0,00"
29800,0,"1,99","1,99"
31100,80,"14,95","2,99"
31120,0,0,"0,00"
31110,0,0,"0,00"
30010,0,0,"0,00"
31130,0,0,"0,00"
29580,0,"19,99","19,99"
31180,0,"14,99","14,99"
31190,0,"14,99","14,99"
29610,0,0,"0,00"
29680,0,0,"0,00"
31189,0,0,"0,00"
31199,0,0,"0,00"
31209,0,0,"0,00"
31210,80,"14,95","2,99"
29710,0,0,"0,00"
31250,0,0,"0,00"
31240,0,0,"0,00"
31139,0,0,"0,00"
31290,0,0,"0,00"
31109,0,"14,99","14,99"
31160,0,"14,99","14,99"
31280,0,0,"0,00"
31419,0,0,"0,00"
31410,0,0,"0,00"
31270,0,"4,99","4,99"
31170,80,"14,95","2,99"
31500,0,0,"0,00"
31300,0,"19,99","19,99"
31420,0,0,"0,00"
31219,0,0,"0,00"
31200,0,"14,99","14,99"
31800,0,"9,99","9,99"
31720,0,0,"0,00"
31710,0,0,"0,00"
31810,0,"9,99","9,99"
31220,0,0,"0,00"
31230,0,0,"0,00"
31260,0,0,"0,00"
31229,0,0,"0,00"
31820,0,"9,99","9,99"
31860,0,"9,99","9,99"
31890,0,"9,99","9,99"
31870,0,"19,99","19,99"
31880,0,"9,99","9,99"
31950,0,0,"0,00"
31940,0,0,"0,00"
31700,0,0,"0,00"
31910,0,"9,99","9,99"
31740,0,0,"0,00"
31713,0,"2,99","2,99"
31920,0,"9,99","9,99"
31960,0,0,"0,00"
31989,0,0,"0,00"
32000,0,"4,99","4,99"
31830,0,"9,99","9,99"
31850,0,"9,99","9,99"
32117,0,0,"0,00"
32110,0,"9,99","9,99"
32127,0,0,"0,00"
32150,0,"4,99","4,99"
32140,0,"9,99","9,99"
31840,0,"9,99","9,99"
32120,0,"9,99","9,99"
32159,0,0,"0,00"
31900,0,"9,99","9,99"
32160,0,"9,99","9,99"
31990,0,0,"0,00"
31930,0,"9,99","9,99"
32340,0,"5,99","5,99"
31970,0,0,"0,00"
32350,0,"5,99","5,99"
32400,0,"5,99","5,99"
32130,0,0,"0,00"
32310,0,"5,99","5,99"
32010,0,0,"0,00"
32210,0,0,"0,00"
32390,0,"2,99","2,99"
32135,0,0,"0,00"
32410,0,"5,99","5,99"
32430,0,"19,99","19,99"
32360,0,"9,99","9,99"
32460,0,"9,99","9,99"
32162,0,0,"0,00"
32200,0,"9,99","9,99"
32469,0,0,"0,00"
32610,0,"19,99","19,99"
32450,0,"19,99","19,99"
32650,0,"9,99","9,99"
32620,0,"4,99","4,99"
32330,0,"19,99","19,99"
32510,0,"19,99","19,99"
32630,0,"4,99","4,99"
32380,0,"5,99","5,99"
32680,0,"9,99","9,99"
32690,0,0,"0,00"
32370,0,"9,99","9,99"
32440,0,"19,99","19,99"
32720,0,"9,99","9,99"
32470,0,"19,99","19,99"
32750,0,"9,99","9,99"
32740,0,"9,99","9,99"
32710,75,"9,96","2,49"
32472,0,0,"0,00"
32832,0,0,"0,00"
32500,0,"19,99","19,99"
32833,0,0,"0,00"
32660,0,"19,99","19,99"
32834,0,0,"0,00"
33110,0,"4,99","4,99"
32900,0,"19,99","19,99"
32640,0,"9,99","9,99"
32730,0,"9,99","9,99"
32770,0,"19,99","19,99"
33120,0,"4,99","4,99"
33130,0,"4,99","4,99"
33140,0,0,"0,00"
33160,0,0,"0,00"
32831,0,0,"0,00"
32700,0,0,"0,00"
33219,0,0,"0,00"
33180,0,"9,99","9,99"
33150,0,0,"0,00"
32830,0,0,"0,00"
32760,75,"9,96","2,49"
33100,0,"4,99","4,99"
33259,0,0,"0,00"
33245,0,0,"0,00"
33246,0,0,"0,00"
33230,0,"19,99","19,99"
33287,0,0,"0,00"
33288,0,0,"0,00"
33270,0,0,"0,00"
33280,0,0,"0,00"
33290,0,0,"0,00"
33320,0,"9,99","9,99"
33190,0,0,"0,00"
33170,0,0,"0,00"
33349,0,0,"0,00"
33220,0,"39,99","39,99"
33362,0,0,"0,00"
33371,0,0,"0,00"
33370,0,0,"0,00"
33242,0,0,"0,00"
33360,0,0,"0,00"
33260,0,"9,99","9,99"
33400,0,0,"0,00"
33420,0,"9,99","9,99"
33447,0,0,"0,00"
33325,0,0,"0,00"
33448,0,0,"0,00"
33326,0,0,"0,00"
33428,0,0,"0,00"
33520,0,"6,99","6,99"
33289,0,0,"0,00"
33510,0,0,"0,00"
33359,0,0,"0,00"
33361,0,0,"0,00"
33457,0,0,"0,00"
33456,0,0,"0,00"
33550,0,"9,99","9,99"
33390,0,"9,99","9,99"
33559,0,0,"0,00"
33436,0,0,"0,00"
33435,0,0,"0,00"
33570,0,"4,99","4,99"
33580,0,"4,99","4,99"
33560,0,0,"0,00"
33540,0,0,"0,00"
33460,0,"14,99","14,99"
33500,0,0,"0,00"
33446,0,0,"0,00"
33610,0,"5,99","5,99"
33630,0,0,"0,00"
33670,60,"9,98","3,99"
33310,0,0,"0,00"
33730,0,"9,99","9,99"
33710,0,"6,99","6,99"
33720,0,"6,99","6,99"
33530,0,"6,99","6,99"
33700,45,"6,98","3,84"
33740,0,0,"0,00"
33790,0,"19,99","19,99"
33660,0,"4,99","4,99"
33549,0,0,"0,00"
33620,0,"5,99","5,99"
33750,0,0,"0,00"
33600,0,"5,99","5,99"
33760,0,"6,99","6,99"
33909,0,0,"0,00"
33650,0,"4,99","4,99"
33910,0,"12,99","12,99"
33919,0,0,"0,00"
33934,0,"8,99","8,99"
33935,0,0,"0,00"
33936,0,0,"0,00"
33680,0,"4,99","4,99"
33990,80,"12,95","2,59"
33980,0,"9,99","9,99"
33770,0,"19,99","19,99"
33780,60,"9,98","3,99"
33900,0,"12,99","12,99"
34009,0,0,"0,00"
34019,0,"19,99","19,99"
34030,0,"24,99","24,99"
34039,0,0,"0,00"
34049,0,0,"0,00"
34010,0,"19,99","19,99"
33930,0,"19,99","19,99"
34120,0,0,"0,00"
34110,0,0,"0,00"
33905,0,0,"0,00"
33950,80,"4,95","0,99"
33920,0,0,"0,00"
33960,0,0,"0,00"
34173,0,0,"0,00"
33970,0,0,"0,00"
34174,0,"24,99","24,99"
34000,0,0,"0,00"
34177,0,0,"0,00"
34184,0,0,"0,00"
34220,0,0,"0,00"
34176,0,0,"0,00"
34189,0,0,"0,00"
34200,0,0,"0,00"
34190,0,"9,99","9,99"
34050,0,0,"0,00"
34330,0,"29,99","29,99"
34170,0,0,"0,00"
34345,69,"4,97","1,54"
34343,0,"9,99","9,99"
34175,0,0,"0,00"
34171,0,0,"0,00"
34172,0,0,"0,00"
34344,0,0,"0,00"
34347,0,0,"0,00"
34178,0,"24,99","24,99"
34179,75,"24,96","6,24"
34410,0,"6,99","6,99"
34390,0,0,"0,00"
34400,0,0,"0,00"
34342,0,"2,99","2,99"
34460,80,"29,95","5,99"
34420,0,"4,99","4,99"
34440,80,"29,95","5,99"
34350,0,0,"0,00"
34250,0,0,"0,00"
34229,0,0,"0,00"
34492,0,0,"0,00"
34490,0,0,"0,00"
34346,0,0,"0,00"
34348,69,"4,97","1,54"
34494,0,0,"0,00"
34470,80,"29,95","5,99"
34491,0,0,"0,00"
34497,0,0,"0,00"
34510,0,0,"0,00"
34609,0,0,"0,00"
34610,0,0,"0,00"
34493,0,0,"0,00"
34611,0,0,"0,00"
34612,0,0,"0,00"
34614,0,0,"0,00"
34450,0,"4,99","4,99"
34620,0,0,"0,00"
34630,0,"9,99","9,99"
34613,0,0,"0,00"
34616,0,0,"0,00"
34660,0,0,"0,00"
34495,0,0,"0,00"
34496,0,0,"0,00"
34640,0,"9,99","9,99"
34680,0,0,"0,00"
34841,0,"1,99","1,99"
34500,0,"14,99","14,99"
34860,0,0,"0,00"
34600,85,"7,93","1,19"
34498,0,0,"0,00"
34850,0,0,"0,00"
34870,0,"9,99","9,99"
34615,0,0,"0,00"
34842,0,"1,99","1,99"
34910,0,0,"0,00"
35000,85,"9,93","1,49"
34930,0,0,"0,00"
34920,0,"7,99","7,99"
34670,0,0,"0,00"
34810,0,"2,99","2,99"
34800,0,"4,99","4,99"
35019,0,0,"0,00"
34650,0,"14,99","14,99"
35020,0,0,"0,00"
34820,0,"4,99","4,99"
35060,0,0,"0,00"
34830,0,"7,99","7,99"
35050,0,0,"0,00"
35040,0,0,"0,00"
35010,0,"19,99","19,99"
35080,0,"0,99","0,99"
35070,76,"3,96","0,95"
35081,0,0,"0,00"
35082,0,0,"0,00"
34880,0,0,"0,00"
34900,0,"1,99","1,99"
35083,0,"0,99","0,99"
35084,0,0,"0,00"
35085,0,0,"0,00"
35089,0,"0,99","0,99"
35086,0,0,"0,00"
35087,0,0,"0,00"
35090,0,"0,99","0,99"
35093,0,0,"0,00"
35092,0,0,"0,00"
35094,0,0,"0,00"
35097,0,0,"0,00"
35099,0,0,"0,00"
35030,0,0,"0,00"
35096,0,0,"0,00"
35098,0,0,"0,00"
35101,63,"1,97","0,73"
35100,0,0,"0,00"
35103,0,0,"0,00"
35110,0,0,"0,00"
35134,0,0,"0,00"
35130,85,"9,93","1,49"
35140,0,"19,99","19,99"
35136,0,"3,49","3,49"
35137,0,"3,49","3,49"
35091,0,"0,99","0,99"
35310,0,"9,99","9,99"
35138,69,"3,48","1,08"
35095,0,0,"0,00"
35320,0,"14,99","14,99"
35418,0,0,"0,00"
35417,75,"7,96","1,99"
35425,0,"7,99","7,99"
35428,0,0,"0,00"
35427,0,0,"0,00"
35102,0,"1,99","1,99"
35426,0,0,"0,00"
35460,0,"9,99","9,99"
35135,69,"3,48","1,08"
35485,0,0,"0,00"
35470,0,0,"0,00"
35150,0,0,"0,00"
35500,0,0,"0,00"
35509,0,0,"0,00"
35510,0,0,"0,00"
35709,0,0,"0,00"
35490,0,0,"0,00"
35419,0,"7,99","7,99"
35300,0,"12,99","12,99"
35700,0,"14,99","14,99"
35600,0,"4,99","4,99"
35723,0,0,"0,00"
35429,75,"7,96","1,99"
35725,0,"19,99","19,99"
35800,0,0,"0,00"
36150,0,0,"0,00"
35450,0,"19,99","19,99"
35480,0,"9,99","9,99"
36710,0,0,"0,00"
36909,0,0,"0,00"
36700,0,0,"0,00"
36633,0,0,"0,00"
36920,0,0,"0,00"
35720,0,"19,99","19,99"
35710,0,0,"0,00"
37210,0,"9,99","9,99"
36000,0,"3,99","3,99"
36130,0,0,"0,00"
37220,0,"9,99","9,99"
37230,0,"9,99","9,99"
37200,0,0,"0,00"
37240,0,"9,99","9,99"
36900,0,"9,99","9,99"
36630,0,0,"0,00"
37290,0,"9,99","9,99"
36910,0,"9,99","9,99"
37280,0,"9,99","9,99"
37270,0,0,"0,00"
36632,0,0,"0,00"
37260,0,"9,99","9,99"
37330,0,"6,99","6,99"
37310,0,"6,99","6,99"
37000,0,"9,99","9,99"
36930,0,0,"0,00"
36919,0,0,"0,00"
37340,0,"6,99","6,99"
37370,0,"6,99","6,99"
37390,0,"6,99","6,99"
37250,0,"14,99","14,99"
37360,0,"6,99","6,99"
37380,0,"6,99","6,99"
37320,0,"6,99","6,99"
37400,0,"4,99","4,99"
37500,0,"1,99","1,99"
37350,0,0,"0,00"
37300,0,"9,99","9,99"
37600,0,"2,99","2,99"
37708,0,0,"0,00"
37800,0,"9,99","9,99"
37960,0,"19,99","19,99"
37980,0,"19,99","19,99"
37990,0,"19,99","19,99"
37970,0,"19,99","19,99"
35088,0,0,"0,00"
37940,0,0,"0,00"
38010,0,"9,99","9,99"
37420,0,"4,99","4,99"
37410,0,0,"0,00"
37510,0,0,"0,00"
38030,0,0,"0,00"
38020,0,"9,99","9,99"
37709,0,0,"0,00"
37910,0,0,"0,00"
38050,0,0,"0,00"
38040,0,0,"0,00"
37930,0,0,"0,00"
38100,0,"9,99","9,99"
38080,0,"9,99","9,99"
37900,0,0,"0,00"
38090,0,"9,99","9,99"
38110,0,"9,99","9,99"
38060,0,0,"0,00"
37950,0,0,"0,00"
38000,0,"9,99","9,99"
38140,0,"4,99","4,99"
38150,0,"9,99","9,99"
38170,0,"9,99","9,99"
38180,0,"9,99","9,99"
38185,0,"24,99","24,99"
38210,0,"3,99","3,99"
38209,0,0,"0,00"
38200,0,0,"0,00"
38070,0,"9,99","9,99"
38230,0,"7,99","7,99"
38400,75,"9,96","2,49"
38220,0,0,"0,00"
38130,0,"4,99","4,99"
38430,0,"9,99","9,99"
38120,0,"4,99","4,99"
38450,0,"9,99","9,99"
38460,0,"9,99","9,99"
38229,0,0,"0,00"
38160,0,"9,99","9,99"
38490,0,"19,99","19,99"
38530,0,0,"0,00"
38600,0,"14,99","14,99"
38740,0,"6,99","6,99"
38190,0,"9,99","9,99"
38710,0,0,"0,00"
38730,0,0,"0,00"
38720,0,"4,99","4,99"
38410,75,"9,96","2,49"
38240,0,0,"0,00"
38750,0,0,"0,00"
38743,0,0,"0,00"
38820,0,0,"0,00"
38810,0,0,"0,00"
38420,75,"9,96","2,49"
38480,0,0,"0,00"
38921,0,"0,99","0,99"
38920,0,"0,99","0,99"
38900,0,"9,99","9,99"
38910,0,0,"0,00"
38925,0,0,"0,00"
38700,0,"4,99","4,99"
39100,0,0,"0,00"
38927,0,0,"0,00"
39120,0,0,"0,00"
39124,0,0,"0,00"
39125,0,0,"0,00"
38800,0,0,"0,00"
38922,0,"0,99","0,99"
38923,0,"0,99","0,99"
39127,0,0,"0,00"
39128,0,0,"0,00"
38924,0,"1,99","1,99"
38440,0,"9,99","9,99"
38926,0,0,"0,00"
39000,0,0,"0,00"
39140,0,"11,99","11,99"
39110,0,"4,99","4,99"
39122,0,0,"0,00"
39180,0,0,"0,00"
39126,0,0,"0,00"
39182,0,0,"0,00"
39184,0,0,"0,00"
39123,0,0,"0,00"
39185,0,0,"0,00"
39129,0,0,"0,00"
39190,86,"6,93","0,97"
39200,86,"6,93","0,97"
39210,40,"19,98","11,99"
39230,0,0,"0,00"
37810,0,0,"0,00"
39130,0,0,"0,00"
38830,0,0,"0,00"
39150,0,"11,99","11,99"
39250,0,0,"0,00"
39251,0,0,"0,00"
39260,0,0,"0,00"
39160,80,"14,95","2,99"
39181,0,0,"0,00"
37920,0,0,"0,00"
39183,0,0,"0,00"
39310,0,0,"0,00"
39330,0,0,"0,00"
39300,0,0,"0,00"
39270,0,"6,99","6,99"
39320,0,0,"0,00"
39500,0,"19,99","19,99"
39189,0,0,"0,00"
39350,0,0,"0,00"
39510,0,"19,99","19,99"
39370,0,0,"0,00"
39530,0,"9,99","9,99"
39550,0,"14,99","14,99"
39261,0,0,"0,00"
39540,0,"9,99","9,99"
39650,0,"9,99","9,99"
39620,0,0,"0,00"
39610,0,0,"0,00"
39630,0,"4,99","4,99"
39670,75,"4,96","1,24"
39600,0,0,"0,00"
39640,0,"4,99","4,99"
39590,0,0,"0,00"
39560,0,"9,99","9,99"
39360,0,"19,99","19,99"
39680,0,"9,99","9,99"
39380,0,0,"0,00"
39520,75,"9,96","2,49"
39690,0,"19,99","19,99"
39580,0,0,"0,00"
39900,0,"4,99","4,99"
39800,0,"2,99","2,99"
40005,0,0,"0,00"
40003,0,0,"0,00"
40100,75,"12,96","3,24"
40002,0,0,"0,00"
40004,0,0,"0,00"
40125,0,0,"0,00"
40006,0,0,"0,00"
39570,0,0,"0,00"
40120,0,0,"0,00"
39660,75,"9,96","2,49"
40131,0,0,"0,00"
39710,0,0,"0,00"
40130,0,0,"0,00"
40133,0,0,"0,00"
40132,0,0,"0,00"
40230,0,0,"0,00"
40309,0,0,"0,00"
40136,0,0,"0,00"
39810,0,0,"0,00"
40140,0,0,"0,00"
40200,0,"9,99","9,99"
40135,75,"4,96","1,24"
40000,0,0,"0,00"
40360,0,0,"0,00"
40380,0,"4,99","4,99"
40340,0,"9,99","9,99"
40400,0,"9,99","9,99"
40403,0,"4,99","4,99"
40393,75,"4,96","1,24"
40407,0,"4,99","4,99"
40406,72,"1,96","0,55"
40134,0,0,"0,00"
40300,0,"14,99","14,99"
40210,0,"9,99","9,99"
40410,0,0,"0,00"
40390,0,"9,99","9,99"
40350,0,"9,99","9,99"
40310,0,0,"0,00"
40430,0,0,"0,00"
40320,0,"4,99","4,99"
40330,0,"9,99","9,99"
40709,0,0,"0,00"
40392,75,"4,96","1,24"
40703,80,"6,95","1,39"
40800,0,"14,99","14,99"
40710,0,0,"0,00"
40391,59,"1,98","0,81"
40720,0,"4,99","4,99"
40408,0,"4,99","4,99"
40920,0,0,"0,00"
40940,0,"29,99","29,99"
40930,0,"4,99","4,99"
40809,0,0,"0,00"
40420,0,"4,99","4,99"
40980,0,"14,99","14,99"
40970,0,"9,99","9,99"
40990,0,"14,99","14,99"
41000,0,"14,99","14,99"
40950,0,"5,99","5,99"
41010,0,0,"0,00"
40700,0,"19,99","19,99"
40500,0,"2,99","2,99"
40510,0,0,"0,00"
41014,0,"19,99","19,99"
41015,0,0,"0,00"
41018,0,0,"0,00"
41005,0,0,"0,00"
41020,0,0,"0,00"
41030,0,0,"0,00"
41019,0,"4,99","4,99"
40960,0,"14,99","14,99"
40810,0,0,"0,00"
41050,0,"5,99","5,99"
41080,0,0,"0,00"
41060,0,"5,99","5,99"
41090,0,0,"0,00"
41009,0,0,"0,00"
41070,0,"29,99","29,99"
41100,0,0,"0,00"
41017,0,0,"0,00"
41220,0,0,"0,00"
41509,0,0,"0,00"
41210,0,0,"0,00"
41500,0,"14,99","14,99"
41110,0,0,"0,00"
41400,0,"2,99","2,99"
41300,0,0,"0,00"
41040,0,0,"0,00"
41074,0,"9,99","9,99"
41610,0,0,"0,00"
41660,0,"9,99","9,99"
41510,0,0,"0,00"
41046,0,"4,99","4,99"
41045,0,0,"0,00"
41600,0,"19,99","19,99"
41670,0,0,"0,00"
41073,0,0,"0,00"
41690,0,0,"0,00"
41680,0,"9,99","9,99"
41720,0,0,"0,00"
41800,0,"14,99","14,99"
41310,0,0,"0,00"
41803,0,"5,99","5,99"
41700,0,"19,99","19,99"
41802,0,"5,99","5,99"
41520,0,0,"0,00"
41810,0,0,"0,00"
41760,0,0,"0,00"
41808,0,0,"0,00"
41813,0,0,"0,00"
41809,0,0,"0,00"
41805,0,"5,99","5,99"
41816,0,"5,99","5,99"
41730,0,"9,99","9,99"
41740,0,"9,99","9,99"
41900,0,"19,99","19,99"
41817,0,"5,99","5,99"
41710,0,0,"0,00"
42129,0,0,"0,00"
41807,0,0,"0,00"
42120,0,"9,99","9,99"
41804,0,"5,99","5,99"
42110,0,0,"0,00"
42147,51,"1,00","0,49"
42140,0,"9,99","9,99"
42200,0,"19,99","19,99"
42180,0,0,"0,00"
42210,0,"19,99","19,99"
42500,0,"0,99","0,99"
42230,0,"14,99","14,99"
42510,0,0,"0,00"
42000,0,"4,99","4,99"
41815,0,0,"0,00"
42670,67,"29,97","9,89"
42695,35,"14,98","9,74"
42680,50,"39,98","19,99"
42170,0,"14,99","14,99"
42521,0,0,"0,00"
42696,35,"14,98","9,74"
42190,0,0,"0,00"
42160,0,0,"0,00"
42715,0,0,"0,00"
42220,0,"19,99","19,99"
42700,50,"39,98","19,99"
42716,0,"14,99","14,99"
42718,35,"14,98","9,74"
42520,0,0,"0,00"
42320,0,0,"0,00"
42640,0,0,"0,00"
42719,0,"14,99","14,99"
42720,0,0,"0,00"
42660,0,0,"0,00"
42730,0,0,"0,00"
42749,0,0,"0,00"
42690,0,"39,99","39,99"
42697,0,"14,99","14,99"
42729,0,0,"0,00"
42750,0,0,"0,00"
42800,0,"4,99","4,99"
42698,35,"14,98","9,74"
42699,0,0,"0,00"
42717,0,0,"0,00"
42810,0,"9,99","9,99"
42841,0,0,"0,00"
42710,50,"39,98","19,99"
42842,0,0,"0,00"
42848,0,0,"0,00"
42723,0,0,"0,00"
42845,0,0,"0,00"
42847,0,0,"0,00"
42722,35,"14,98","9,74"
42843,0,0,"0,00"
42870,0,0,"0,00"
42740,0,0,"0,00"
42881,0,"4,99","4,99"
42890,0,"9,99","9,99"
42900,0,"4,99","4,99"
42901,0,0,"0,00"
42820,0,"4,99","4,99"
42903,50,"4,98","2,49"
42902,0,"0,99","0,99"
42840,0,0,"0,00"
42904,0,"0,99","0,99"
42910,0,"9,99","9,99"
42914,0,0,"0,00"
42830,0,0,"0,00"
42916,0,0,"0,00"
42917,0,0,"0,00"
42918,0,"4,99","4,99"
42920,0,"9,99","9,99"
42925,0,"3,99","3,99"
42849,0,0,"0,00"
42844,0,0,"0,00"
42850,0,"9,99","9,99"
42926,0,"3,99","3,99"
42846,0,0,"0,00"
42860,0,0,"0,00"
42950,0,"1,99","1,99"
42940,0,"1,99","1,99"
42930,0,"1,99","1,99"
42965,50,"1,98","0,99"
42905,0,"1,99","1,99"
42980,80,"9,95","1,99"
42967,0,0,"0,00"
42990,0,"19,99","19,99"
43000,0,"9,99","9,99"
43011,50,"3,98","1,99"
42968,50,"9,98","4,99"
43013,0,"2,99","2,99"
42929,0,"3,99","3,99"
43005,0,"3,99","3,99"
43015,0,0,"0,00"
43129,0,0,"0,00"
42960,0,"19,99","19,99"
43190,0,"8,99","8,99"
42964,0,"1,99","1,99"
43500,0,"9,99","9,99"
42966,0,"1,99","1,99"
43160,0,0,"0,00"
43140,0,0,"0,00"
43016,0,0,"0,00"
43006,50,"4,98","2,49"
44100,0,"4,99","4,99"
44205,0,0,"0,00"
43012,0,0,"0,00"
43100,0,"9,99","9,99"
44320,0,"24,99","24,99"
43600,0,"14,99","14,99"
44350,0,0,"0,00"
43014,50,"3,98","1,99"
44300,0,0,"0,00"
43210,0,0,"0,00"
44620,0,"7,99","7,99"
44340,0,0,"0,00"
43120,0,0,"0,00"
44600,0,"6,99","6,99"
42919,0,0,"0,00"
44650,50,"3,98","1,99"
44660,0,"3,99","3,99"
44630,0,0,"0,00"
45100,0,"4,99","4,99"
44670,0,"3,99","3,99"
44110,0,0,"0,00"
44680,0,"12,99","12,99"
44000,0,0,"0,00"
44690,0,"7,99","7,99"
45300,0,"9,99","9,99"
45302,80,"4,95","0,99"
45410,0,"9,99","9,99"
45200,0,"4,99","4,99"
45400,0,"0,99","0,99"
45310,0,0,"0,00"
45760,87,"29,92","3,89"
45740,0,"19,99","19,99"
45776,0,0,"0,00"
45720,0,0,"0,00"
45777,0,0,"0,00"
45770,75,"19,96","4,99"
44720,0,0,"0,00"
45790,0,"5,99","5,99"
45460,0,0,"0,00"
45778,0,0,"0,00"
45750,0,0,"0,00"
45420,0,"9,99","9,99"
45792,0,"5,99","5,99"
45795,75,"14,96","3,74"
45430,0,0,"0,00"
45796,75,"14,96","3,74"
45900,0,"1,99","1,99"
45450,0,"1,99","1,99"
45797,75,"14,96","3,74"
45798,0,0,"0,00"
45775,0,0,"0,00"
46200,0,"2,99","2,99"
46010,0,0,"0,00"
45772,0,0,"0,00"
45773,0,0,"0,00"
45791,75,"14,96","3,74"
46210,0,0,"0,00"
45774,0,0,"0,00"
46230,0,0,"0,00"
46270,0,"3,99","3,99"
46260,0,"4,99","4,99"
46290,0,"3,99","3,99"
46342,0,"1,99","1,99"
46360,0,"4,99","4,99"
45794,0,"5,99","5,99"
46362,0,"1,99","1,99"
46330,0,0,"0,00"
46340,0,"4,99","4,99"
45793,0,"5,99","5,99"
46400,0,"4,99","4,99"
46370,0,"4,99","4,99"
46390,0,0,"0,00"
46410,0,"4,99","4,99"
46000,0,"9,99","9,99"
46380,0,"3,99","3,99"
46220,0,0,"0,00"
46430,0,"4,99","4,99"
46250,0,"6,99","6,99"
46440,0,"4,99","4,99"
46320,0,0,"0,00"
46500,0,"12,99","12,99"
46280,0,"3,99","3,99"
46350,0,"3,99","3,99"
46560,0,"7,99","7,99"
46550,0,"7,99","7,99"
46523,0,0,"0,00"
46600,0,"1,99","1,99"
46570,0,"9,99","9,99"
46610,0,0,"0,00"
46730,0,"8,99","8,99"
46480,0,"7,99","7,99"
46420,0,"4,99","4,99"
46470,0,0,"0,00"
46510,0,"12,99","12,99"
46460,0,0,"0,00"
46450,0,"9,99","9,99"
46490,0,"7,99","7,99"
46790,85,"14,93","2,24"
46830,80,"9,95","1,99"
46540,86,"4,93","0,69"
46792,0,0,"0,00"
46700,80,"9,95","1,99"
46520,0,"4,99","4,99"
46710,80,"44,95","8,99"
46720,0,"8,99","8,99"
47110,0,"9,99","9,99"
47130,0,"9,99","9,99"
46840,80,"9,95","1,99"
47420,0,0,"0,00"
46740,80,"3,95","0,79"
46760,80,"9,95","1,99"
46750,0,"12,99","12,99"
47410,0,0,"0,00"
47423,0,0,"0,00"
46770,0,"14,99","14,99"
47424,0,0,"0,00"
47400,0,"29,99","29,99"
47426,0,0,"0,00"
47010,0,0,"0,00"
46850,0,"9,99","9,99"
47530,0,0,"0,00"
47000,0,0,"0,00"
47570,0,0,"0,00"
47422,0,0,"0,00"
47540,0,0,"0,00"
47120,0,"9,99","9,99"
47700,0,"19,88","19,88"
47421,0,0,"0,00"
47790,0,"19,99","19,99"
47799,0,0,"0,00"
47810,0,"29,99","29,99"
47842,0,0,"0,00"
47430,0,0,"0,00"
47815,0,0,"0,00"
47830,0,"19,99","19,99"
47425,0,0,"0,00"
47850,0,0,"0,00"
47500,0,0,"0,00"
47844,0,0,"0,00"
47893,0,"19,99","19,99"
47890,0,"19,99","19,99"
47889,0,"14,99","14,99"
47895,0,"19,99","19,99"
47892,0,"19,99","19,99"
47894,50,"19,98","9,99"
47899,0,"19,99","19,99"
47749,0,0,"0,00"
47780,0,"19,99","19,99"
47896,0,"19,99","19,99"
47770,0,0,"0,00"
47897,0,"19,99","19,99"
47898,0,"19,99","19,99"
47933,0,0,"0,00"
47930,0,"19,99","19,99"
47934,0,0,"0,00"
47940,0,0,"0,00"
47935,0,0,"0,00"
47931,50,"19,98","9,99"
48110,75,"9,96","2,49"
48120,0,0,"0,00"
48129,0,0,"0,00"
47912,0,0,"0,00"
48132,0,0,"0,00"
48131,0,0,"0,00"
48124,0,0,"0,00"
47520,0,0,"0,00"
47911,0,0,"0,00"
47900,0,0,"0,00"
48167,0,"9,99","9,99"
48160,0,0,"0,00"
47920,0,0,"0,00"
48165,0,0,"0,00"
47932,0,"19,99","19,99"
48166,0,0,"0,00"
48000,90,"9,90","0,99"
48185,0,0,"0,00"
48010,0,0,"0,00"
48187,0,0,"0,00"
48173,0,"19,99","19,99"
48186,0,0,"0,00"
48127,0,0,"0,00"
48190,75,"19,96","4,99"
48197,0,0,"0,00"
48219,0,0,"0,00"
48128,0,0,"0,00"
48220,0,"9,99","9,99"
48218,0,0,"0,00"
48210,0,"19,99","19,99"
48150,0,"4,99","4,99"
48198,0,0,"0,00"
48196,0,0,"0,00"
48228,0,0,"0,00"
48233,0,0,"0,00"
48227,0,0,"0,00"
48260,0,0,"0,00"
48234,0,0,"0,00"
48240,0,"19,99","19,99"
48180,0,0,"0,00"
48700,0,"19,99","19,99"
48705,0,"9,99","9,99"
48802,0,"3,99","3,99"
48195,0,0,"0,00"
48225,0,0,"0,00"
48800,0,"19,99","19,99"
48720,0,"9,99","9,99"
48226,0,0,"0,00"
48224,0,0,"0,00"
48804,0,"3,99","3,99"
48806,0,"3,99","3,99"
48900,0,0,"0,00"
48258,0,0,"0,00"
48810,0,0,"0,00"
48710,0,0,"0,00"
49300,0,"9,99","9,99"
48280,0,0,"0,00"
49310,0,"4,99","4,99"
49320,0,"4,99","4,99"
49330,0,"9,99","9,99"
49313,0,0,"0,00"
49314,0,0,"0,00"
49315,0,0,"0,00"
48805,0,"3,99","3,99"
49340,0,0,"0,00"
48803,0,"3,99","3,99"
49497,0,"9,99","9,99"
49600,0,"9,99","9,99"
49480,0,0,"0,00"
49312,0,0,"0,00"
49604,70,"4,97","1,49"
49537,0,0,"0,00"
49538,0,0,"0,00"
49000,0,"6,99","6,99"
49540,0,"29,99","29,99"
49311,0,"4,99","4,99"
48950,0,"9,99","9,99"
49605,0,0,"0,00"
48830,0,0,"0,00"
49610,0,0,"0,00"
49337,0,"4,99","4,99"
49460,0,0,"0,00"
50010,0,0,"0,00"
50100,75,"29,96","7,49"
50000,0,"9,99","9,99"
49536,0,0,"0,00"
50120,0,0,"0,00"
49520,0,"19,99","19,99"
50141,0,0,"0,00"
50140,0,0,"0,00"
50142,0,0,"0,00"
50203,0,0,"0,00"
49800,75,"4,96","1,24"
49700,0,0,"0,00"
50205,0,0,"0,00"
50207,0,0,"0,00"
50206,0,0,"0,00"
49900,0,0,"0,00"
50212,0,0,"0,00"
50215,0,0,"0,00"
49810,0,"4,99","4,99"
50219,0,0,"0,00"
50110,0,"29,99","29,99"
50214,0,0,"0,00"
50234,0,0,"0,00"
50130,0,"29,99","29,99"
50233,0,0,"0,00"
50236,0,0,"0,00"
50149,0,0,"0,00"
50235,0,0,"0,00"
50239,0,0,"0,00"
50204,0,0,"0,00"
50255,0,0,"0,00"
50253,0,0,"0,00"
50238,0,0,"0,00"
50148,0,0,"0,00"
50254,0,0,"0,00"
50257,0,0,"0,00"
50209,0,0,"0,00"
50256,0,0,"0,00"
50274,0,0,"0,00"
50213,0,0,"0,00"
50279,0,0,"0,00"
50276,0,0,"0,00"
50277,0,0,"0,00"
50237,0,0,"0,00"
50310,0,0,"0,00"
50280,0,0,"0,00"
50400,0,0,"0,00"
50409,0,0,"0,00"
50414,0,0,"0,00"
50411,0,0,"0,00"
50415,0,0,"0,00"
50273,0,0,"0,00"
50258,0,0,"0,00"
50275,0,0,"0,00"
50259,0,0,"0,00"
50432,0,0,"0,00"
50434,0,0,"0,00"
50438,0,0,"0,00"
50278,0,0,"0,00"
50435,0,0,"0,00"
50433,0,0,"0,00"
50413,0,0,"0,00"
50437,0,0,"0,00"
50436,0,0,"0,00"
50412,0,0,"0,00"
50208,0,0,"0,00"
50440,0,0,"0,00"
50439,0,0,"0,00"
50470,0,0,"0,00"
50416,0,0,"0,00"
50430,0,0,"0,00"
50640,0,0,"0,00"
50513,0,"4,99","4,99"
50910,0,"6,99","6,99"
50800,0,0,"0,00"
50920,0,"9,99","9,99"
50650,0,0,"0,00"
50960,0,"9,99","9,99"
50970,0,"6,99","6,99"
50417,0,0,"0,00"
50431,0,0,"0,00"
50620,0,"19,99","19,99"
51000,0,"9,99","9,99"
50980,0,"6,99","6,99"
51010,0,"9,99","9,99"
52003,0,"9,99","9,99"
50471,0,0,"0,00"
55000,0,"9,99","9,99"
51060,0,"9,99","9,99"
55020,0,"9,99","9,99"
51100,0,0,"0,00"
51030,0,"9,99","9,99"
50410,0,0,"0,00"
50510,0,"9,99","9,99"
50900,0,0,"0,00"
55010,0,0,"0,00"
51020,50,"6,98","3,49"
50930,0,"9,99","9,99"
50940,0,"9,99","9,99"
55040,0,"9,99","9,99"
55050,0,0,"0,00"
55110,0,"19,99","19,99"
55100,0,"19,99","19,99"
55113,0,0,"0,00"
55115,0,"6,99","6,99"
50990,0,"9,99","9,99"
55164,0,0,"0,00"
51040,0,0,"0,00"
55150,0,"39,99","39,99"
55140,0,"19,99","19,99"
55163,0,0,"0,00"
55182,0,0,"0,00"
55190,0,0,"0,00"
55203,67,"2,97","0,98"
55204,0,"2,99","2,99"
55207,0,0,"0,00"
55210,0,0,"0,00"
55205,50,"1,98","0,99"
55206,0,0,"0,00"
55215,0,0,"0,00"
55030,0,0,"0,00"
55130,0,0,"0,00"
55218,0,0,"0,00"
55114,0,0,"0,00"
55216,0,0,"0,00"
55217,0,0,"0,00"
55220,0,0,"0,00"
55222,0,0,"0,00"
55162,0,0,"0,00"
55180,0,0,"0,00"
55221,0,0,"0,00"
55280,0,0,"0,00"
55230,0,"9,99","9,99"
55342,0,0,"0,00"
55208,0,0,"0,00"
55346,0,0,"0,00"
55348,0,"185,99","185,99"
55349,0,0,"0,00"
55341,0,"185,99","185,99"
55347,0,"185,99","185,99"
55381,86,"6,93","0,97"
55370,0,0,"0,00"
55382,0,"6,99","6,99"
55340,0,"185,99","185,99"
55383,0,0,"0,00"
55343,0,"185,99","185,99"
55223,0,0,"0,00"
55388,0,"1,99","1,99"
55290,0,0,"0,00"
55387,50,"1,98","0,99"
55112,0,0,"0,00"
55389,0,"1,99","1,99"
55392,0,"2,99","2,99"
55394,0,"1,99","1,99"
55395,0,"2,99","2,99"
55380,0,"6,99","6,99"
55344,80,"185,95","37,19"
55396,67,"2,97","0,98"
55345,0,"185,99","185,99"
55400,0,"2,99","2,99"
55384,0,0,"0,00"
55385,67,"2,97","0,98"
55470,0,"185,99","185,99"
55410,0,0,"0,00"
55471,0,"185,99","185,99"
55409,0,0,"0,00"
55472,0,"185,99","185,99"
55476,0,"185,99","185,99"
55386,0,"1,99","1,99"
55390,0,"2,99","2,99"
55393,0,"1,99","1,99"
55391,0,"2,99","2,99"
56432,0,"0,99","0,99"
56400,0,"29,99","29,99"
55397,67,"2,97","0,98"
56433,0,"2,99","2,99"
56436,0,"0,99","0,99"
55399,0,"2,99","2,99"
56439,0,0,"0,00"
56435,0,"0,99","0,99"
56437,0,0,"0,00"
56438,0,0,"0,00"
55398,67,"2,97","0,98"
56480,0,"2,99","2,99"
55473,0,"185,99","185,99"
56481,0,"2,99","2,99"
56483,0,"2,99","2,99"
56484,0,"2,99","2,99"
56485,0,"2,99","2,99"
56431,0,"0,99","0,99"
55475,80,"185,95","37,19"
56434,0,"2,99","2,99"
56491,0,0,"0,00"
56487,0,"6,99","6,99"
56460,0,0,"0,00"
56537,0,0,"0,00"
56479,0,0,"0,00"
56489,0,"6,99","6,99"
56536,0,"6,99","6,99"
57000,0,"2,99","2,99"
57210,0,0,"0,00"
57010,0,0,"0,00"
56482,0,"2,99","2,99"
57200,0,"9,99","9,99"
56486,0,0,"0,00"
57310,0,0,"0,00"
57400,80,"19,95","3,99"
57500,0,0,"0,00"
56488,0,"6,99","6,99"
56490,0,0,"0,00"
56492,0,0,"0,00"
57516,0,0,"0,00"
56493,0,"9,99","9,99"
57505,0,0,"0,00"
56538,80,"6,95","1,39"
57518,0,0,"0,00"
57600,0,"9,99","9,99"
57300,0,"19,99","19,99"
57610,0,0,"0,00"
57655,0,"3,99","3,99"
57630,0,0,"0,00"
57650,0,"9,99","9,99"
57696,0,"2,99","2,99"
57690,0,"14,99","14,99"
57515,0,0,"0,00"
57419,0,0,"0,00"
57700,0,"5,99","5,99"
57510,0,0,"0,00"
57695,50,"2,98","1,49"
57506,0,0,"0,00"
57710,0,0,"0,00"
57697,50,"2,98","1,49"
57750,0,0,"0,00"
57730,70,"9,97","2,99"
57740,0,"19,99","19,99"
57517,0,0,"0,00"
57910,0,0,"0,00"
57656,0,"2,99","2,99"
57800,0,"4,99","4,99"
57620,0,"14,99","14,99"
57919,0,0,"0,00"
57923,0,"9,99","9,99"
57925,0,"9,99","9,99"
57720,0,0,"0,00"
57920,0,0,"0,00"
57970,0,0,"0,00"
57680,0,"9,99","9,99"
57980,0,0,"0,00"
58200,0,"9,99","9,99"
58240,0,0,"0,00"
58220,0,0,"0,00"
57900,0,"19,99","19,99"
58300,0,"4,99","4,99"
58520,0,"9,99","9,99"
57922,0,0,"0,00"
58529,0,0,"0,00"
57924,0,0,"0,00"
58580,0,0,"0,00"
58600,0,0,"0,00"
57921,0,0,"0,00"
57940,0,0,"0,00"
58645,0,0,"0,00"
58560,0,"4,99","4,99"
58400,0,"4,99","4,99"
58646,0,0,"0,00"
58230,0,"9,99","9,99"
58648,0,0,"0,00"
58310,0,0,"0,00"
60602,0,0,"0,00"
60700,0,"9,99","9,99"
60600,0,0,"0,00"
58510,0,0,"0,00"
58540,0,0,"0,00"
58410,0,0,"0,00"
58550,0,"9,99","9,99"
61010,0,0,"0,00"
58610,0,"9,99","9,99"
61220,0,"9,99","9,99"
58643,0,0,"0,00"
60340,0,"9,99","9,99"
61510,0,"9,99","9,99"
60610,0,0,"0,00"
61230,0,0,"0,00"
61600,0,"4,99","4,99"
61520,0,"9,99","9,99"
61800,0,0,"0,00"
60350,0,"9,99","9,99"
60810,0,0,"0,00"
61820,0,0,"0,00"
60800,0,"7,99","7,99"
61100,0,"4,99","4,99"
62000,0,"4,99","4,99"
61830,0,0,"0,00"
63000,0,"3,99","3,99"
63004,0,"1,99","1,99"
62100,0,"4,99","4,99"
62109,0,0,"0,00"
63005,0,0,"0,00"
63003,0,"1,99","1,99"
61310,0,"6,99","6,99"
61500,0,"5,99","5,99"
61730,0,"6,99","6,99"
63212,0,0,"0,00"
61530,0,0,"0,00"
63211,0,0,"0,00"
58570,0,"4,99","4,99"
63209,0,"4,99","4,99"
63200,0,"4,99","4,99"
61810,0,0,"0,00"
63220,0,0,"0,00"
63380,0,0,"0,00"
63391,0,0,"0,00"
63010,0,0,"0,00"
63392,0,0,"0,00"
63630,0,"5,99","5,99"
63600,0,"5,99","5,99"
63620,0,"5,99","5,99"
63110,0,"9,99","9,99"
61000,0,0,"0,00"
63210,0,0,"0,00"
63700,0,"9,99","9,99"
63230,0,0,"0,00"
63500,0,"5,99","5,99"
63213,0,0,"0,00"
63398,0,"4,99","4,99"
63399,0,"4,99","4,99"
63920,0,0,"0,00"
63900,0,"4,99","4,99"
63803,0,0,"0,00"
63610,0,"5,99","5,99"
63910,0,"14,99","14,99"
63940,0,"7,99","7,99"
63930,0,0,"0,00"
63650,0,"9,99","9,99"
63800,0,"4,99","4,99"
63640,0,"5,99","5,99"
63660,0,"5,99","5,99"
64000,0,"9,99","9,99"
63942,0,"2,99","2,99"
63958,0,0,"0,00"
63959,0,0,"0,00"
64002,0,0,"0,00"
63802,0,"0,99","0,99"
64008,0,0,"0,00"
64014,70,"1,97","0,59"
64009,0,0,"0,00"
63710,0,"9,99","9,99"
64017,0,"1,99","1,99"
65070,0,"2,99","2,99"
64015,0,0,"0,00"
65090,0,0,"0,00"
64030,0,0,"0,00"
65080,33,"14,99","10,04"
65100,0,0,"0,00"
65110,0,0,"0,00"
63950,0,0,"0,00"
63960,0,"6,99","6,99"
64005,0,"1,99","1,99"
65210,0,0,"0,00"
65215,0,"29,99","29,99"
63953,0,0,"0,00"
65211,0,0,"0,00"
65212,0,0,"0,00"
65213,0,0,"0,00"
65216,0,"19,99","19,99"
64016,0,"1,99","1,99"
65217,0,"19,99","19,99"
65218,60,"8,98","3,59"
65221,0,0,"0,00"
65223,0,0,"0,00"
64013,0,"1,99","1,99"
65220,0,0,"0,00"
65227,0,0,"0,00"
65228,0,"8,99","8,99"
65214,0,0,"0,00"
65120,0,0,"0,00"
65232,0,"19,99","19,99"
65230,0,0,"0,00"
65229,0,"19,99","19,99"
65234,0,0,"0,00"
65200,0,"9,99","9,99"
65236,0,0,"0,00"
65237,0,0,"0,00"
65231,0,"8,99","8,99"
65219,0,0,"0,00"
65239,0,"19,99","19,99"
65222,0,0,"0,00"
65225,0,0,"0,00"
65224,0,"29,99","29,99"
65240,0,0,"0,00"
65226,0,"24,99","24,99"
65243,50,"24,98","12,49"
65244,0,"12,99","12,99"
65241,0,0,"0,00"
65250,0,"8,99","8,99"
65246,0,"19,99","19,99"
65248,0,0,"0,00"
65235,0,0,"0,00"
65233,60,"19,98","7,99"
65254,50,"12,98","6,49"
65249,0,"12,99","12,99"
65252,60,"8,98","3,59"
65256,60,"8,98","3,59"
65251,0,0,"0,00"
65255,50,"12,98","6,49"
65238,0,0,"0,00"
65270,0,"9,99","9,99"
65253,70,"8,97","2,69"
65260,0,0,"0,00"
65300,0,"9,99","9,99"
65245,0,0,"0,00"
65242,0,"8,99","8,99"
65247,0,"8,99","8,99"
65302,0,"3,99","3,99"
65400,0,"9,99","9,99"
65530,75,"14,96","3,74"
65600,0,"9,99","9,99"
65520,0,0,"0,00"
65257,0,0,"0,00"
65733,0,"8,99","8,99"
65610,0,"14,99","14,99"
65720,0,"8,99","8,99"
65700,0,"8,99","8,99"
65258,0,"19,99","19,99"
65259,60,"7,98","3,19"
65734,0,0,"0,00"
65780,0,"9,99","9,99"
65735,0,0,"0,00"
65410,0,0,"0,00"
65770,0,0,"0,00"
65500,0,"4,99","4,99"
65760,0,0,"0,00"
65540,0,"19,99","19,99"
65920,0,"29,99","29,99"
65930,0,"19,99","19,99"
65800,0,"14,99","14,99"
65560,0,"4,99","4,99"
65790,0,"4,99","4,99"
65900,0,0,"0,00"
65730,0,"19,99","19,99"
66000,0,"2,99","2,99"
66001,0,"0,99","0,99"
66002,0,"4,99","4,99"
65950,0,0,"0,00"
67010,0,0,"0,00"
65740,0,"32,99","32,99"
67000,0,"6,99","6,99"
67210,0,0,"0,00"
67310,0,0,"0,00"
65811,0,0,"0,00"
67250,0,0,"0,00"
65980,75,"39,96","9,99"
67350,0,0,"0,00"
65810,0,0,"0,00"
70004,0,0,"0,00"
70010,0,0,"0,00"
70130,0,0,"0,00"
70100,0,"2,99","2,99"
70140,0,0,"0,00"
67100,0,0,"0,00"
70110,0,"2,99","2,99"
70310,0,0,"0,00"
70400,0,"19,99","19,99"
70300,0,"4,99","4,99"
70430,0,0,"0,00"
70500,0,"0,99","0,99"
70510,0,0,"0,00"
70410,0,0,"0,00"
67684,0,0,"0,00"
70603,0,0,"0,00"
67370,0,"29,99","29,99"
67379,0,0,"0,00"
70604,0,0,"0,00"
70000,0,"9,99","9,99"
70607,0,0,"0,00"
70606,0,0,"0,00"
70120,0,"2,99","2,99"
70608,0,0,"0,00"
70617,0,"2,99","2,99"
70615,0,"16,99","16,99"
70616,0,"2,99","2,99"
70631,0,0,"0,00"
70910,0,0,"0,00"
70605,0,0,"0,00"
70600,80,"16,95","3,39"
70900,0,"7,99","7,99"
71000,0,"14,99","14,99"
65959,0,0,"0,00"
71270,0,0,"0,00"
70420,0,"9,99","9,99"
71250,0,"7,99","7,99"
71275,0,0,"0,00"
71280,0,0,"0,00"
70611,0,0,"0,00"
71300,0,0,"0,00"
70640,80,"7,95","1,59"
70660,0,"7,99","7,99"
71320,0,0,"0,00"
70610,0,0,"0,00"
70609,0,0,"0,00"
72000,0,"9,99","9,99"
71340,0,"51,79","51,79"
72300,0,0,"0,00"
71410,0,0,"0,00"
70620,0,"9,99","9,99"
71420,0,0,"0,00"
72310,0,0,"0,00"
70650,80,"7,95","1,59"
72520,0,0,"0,00"
71310,0,0,"0,00"
72530,0,0,"0,00"
72730,0,"4,99","4,99"
72701,0,0,"0,00"
71400,0,0,"0,00"
72750,0,"4,99","4,99"
72771,0,0,"0,00"
72770,0,0,"0,00"
72773,0,0,"0,00"
72772,0,"9,99","9,99"
72840,0,"1,99","1,99"
72850,0,"19,99","19,99"
72780,0,0,"0,00"
72902,0,0,"0,00"
72510,0,0,"0,00"
72410,0,0,"0,00"
72705,0,0,"0,00"
72713,0,0,"0,00"
72709,0,0,"0,00"
72400,0,"1,99","1,99"
72904,0,0,"0,00"
72900,0,0,"0,00"
72740,0,"4,99","4,99"
72905,0,0,"0,00"
72760,0,"4,99","4,99"
72906,0,0,"0,00"
72910,0,0,"0,00"
73010,0,"19,99","19,99"
72774,0,0,"0,00"
73018,0,0,"0,00"
73017,0,0,"0,00"
72903,0,0,"0,00"
73020,0,0,"0,00"
73019,0,0,"0,00"
73034,0,0,"0,00"
72907,0,"4,99","4,99"
73012,50,"3,98","1,99"
73000,0,0,"0,00"
73036,0,"1,99","1,99"
73039,0,"1,99","1,99"
73041,0,"4,99","4,99"
73050,0,0,"0,00"
73014,0,"3,99","3,99"
73013,50,"3,98","1,99"
73035,0,"2,99","2,99"
73016,0,0,"0,00"
73032,0,0,"0,00"
73031,0,"0,99","0,99"
73055,0,0,"0,00"
73056,0,0,"0,00"
73059,0,0,"0,00"
73037,0,"1,99","1,99"
73033,0,"1,99","1,99"
73030,0,"0,99","0,99"
73058,50,"5,98","2,99"
73038,0,0,"0,00"
73091,0,"1,99","1,99"
73088,0,0,"0,00"
73040,0,0,"0,00"
72869,0,"19,99","19,99"
73089,0,0,"0,00"
73092,0,"2,99","2,99"
73096,0,"1,99","1,99"
73098,0,"1,99","1,99"
73054,0,0,"0,00"
73097,0,"1,99","1,99"
73110,0,0,"0,00"
73108,0,0,"0,00"
73060,0,0,"0,00"
73109,0,0,"0,00"
73118,0,0,"0,00"
73115,0,"3,99","3,99"
73057,0,"1,99","1,99"
73170,80,"9,95","1,99"
73071,0,"4,99","4,99"
73119,0,"1,99","1,99"
73121,0,0,"0,00"
73180,0,0,"0,00"
73183,0,"2,99","2,99"
73182,0,0,"0,00"
73099,0,0,"0,00"
73095,0,"1,99","1,99"
73181,0,"5,99","5,99"
73093,0,"4,99","4,99"
73184,0,0,"0,00"
73094,0,0,"0,00"
73192,0,"3,99","3,99"
73210,0,"9,99","9,99"
73179,0,0,"0,00"
73194,76,"3,96","0,95"
73230,0,"9,99","9,99"
73195,0,"3,99","3,99"
80000,0,"14,99","14,99"
78000,0,"4,99","4,99"
80200,0,"9,99","9,99"
80020,0,0,"0,00"
80204,0,"4,99","4,99"
73185,0,"5,99","5,99"
73193,0,"3,99","3,99"
73190,0,"19,99","19,99"
73186,0,0,"0,00"
80300,0,"4,99","4,99"
80310,0,"9,99","9,99"
80207,0,"3,99","3,99"
73188,0,0,"0,00"
73187,50,"4,98","2,49"
78002,0,0,"0,00"
80330,0,"4,99","4,99"
80340,0,"4,99","4,99"
80350,0,"4,99","4,99"
80010,0,"4,99","4,99"
80360,0,"9,99","9,99"
80400,0,0,"0,00"
80402,0,0,"0,00"
80401,0,0,"0,00"
80403,0,0,"0,00"
80205,0,0,"0,00"
80407,0,0,"0,00"
73120,51,"1,00","0,49"
80408,0,0,"0,00"
80406,0,0,"0,00"
80222,0,0,"0,00"
80412,0,0,"0,00"
80413,0,0,"0,00"
80415,0,0,"0,00"
80422,0,0,"0,00"
80417,0,0,"0,00"
80416,0,0,"0,00"
80421,0,0,"0,00"
80405,0,0,"0,00"
80424,0,0,"0,00"
80409,0,0,"0,00"
80426,0,0,"0,00"
80425,0,0,"0,00"
80404,0,0,"0,00"
80414,0,0,"0,00"
80411,0,0,"0,00"
80410,0,0,"0,00"
80428,0,0,"0,00"
80202,0,"2,99","2,99"
80427,0,0,"0,00"
80418,0,0,"0,00"
80419,0,0,"0,00"
80438,0,0,"0,00"
80439,0,0,"0,00"
80420,0,0,"0,00"
80206,0,0,"0,00"
80423,0,0,"0,00"
80436,0,0,"0,00"
80441,0,0,"0,00"
80442,0,0,"0,00"
80444,0,0,"0,00"
80443,0,0,"0,00"
80432,0,0,"0,00"
80430,0,0,"0,00"
80445,0,0,"0,00"
80448,0,0,"0,00"
80452,0,0,"0,00"
80446,0,0,"0,00"
80447,0,0,"0,00"
80433,0,0,"0,00"
80449,0,0,"0,00"
80429,0,0,"0,00"
80435,0,0,"0,00"
80431,0,0,"0,00"
80434,0,0,"0,00"
80454,0,0,"0,00"
80451,0,0,"0,00"
80458,0,0,"0,00"
80437,0,0,"0,00"
80456,0,0,"0,00"
80440,0,0,"0,00"
80459,0,0,"0,00"
80467,0,0,"0,00"
80464,0,0,"0,00"
80463,0,0,"0,00"
80465,0,0,"0,00"
80460,0,0,"0,00"
80450,0,0,"0,00"
80469,0,0,"0,00"
80472,0,0,"0,00"
80471,0,0,"0,00"
80475,0,0,"0,00"
80476,0,0,"0,00"
80474,0,0,"0,00"
80455,0,0,"0,00"
80453,0,0,"0,00"
80462,0,0,"0,00"
80486,0,0,"0,00"
80461,0,0,"0,00"
80477,0,0,"0,00"
80457,0,0,"0,00"
80488,0,0,"0,00"
80468,0,0,"0,00"
80470,0,0,"0,00"
80478,0,0,"0,00"
80489,0,0,"0,00"
80491,0,0,"0,00"
80492,0,0,"0,00"
80473,0,0,"0,00"
80495,0,0,"0,00"
80497,0,0,"0,00"
80500,0,0,"0,00"
80487,0,0,"0,00"
80498,0,0,"0,00"
80506,0,0,"0,00"
80504,0,0,"0,00"
80505,0,0,"0,00"
80507,0,0,"0,00"
80490,0,0,"0,00"
80485,0,0,"0,00"
80493,0,0,"0,00"
80496,0,0,"0,00"
80513,0,0,"0,00"
80514,0,0,"0,00"
80511,0,0,"0,00"
80466,0,0,"0,00"
80494,0,0,"0,00"
80519,0,0,"0,00"
80503,0,0,"0,00"
80515,0,0,"0,00"
80516,0,0,"0,00"
80501,0,0,"0,00"
80502,0,0,"0,00"
80520,0,0,"0,00"
80522,0,0,"0,00"
80518,0,0,"0,00"
80509,0,0,"0,00"
80517,0,0,"0,00"
80526,0,0,"0,00"
80508,0,0,"0,00"
80510,0,0,"0,00"
80512,0,0,"0,00"
80531,0,0,"0,00"
80521,0,0,"0,00"
80532,0,0,"0,00"
80534,0,0,"0,00"
80538,0,0,"0,00"
80537,0,0,"0,00"
80541,0,0,"0,00"
80542,0,0,"0,00"
80540,0,0,"0,00"
80539,0,0,"0,00"
80543,0,0,"0,00"
80523,0,0,"0,00"
80524,0,0,"0,00"
80525,0,0,"0,00"
80544,0,0,"0,00"
80530,0,0,"0,00"
80547,0,0,"0,00"
80529,0,0,"0,00"
80545,0,0,"0,00"
80536,0,0,"0,00"
80548,0,0,"0,00"
80528,0,0,"0,00"
80533,0,0,"0,00"
80535,0,0,"0,00"
80553,0,0,"0,00"
80549,0,0,"0,00"
80557,0,0,"0,00"
80552,0,0,"0,00"
80555,0,0,"0,00"
80560,0,0,"0,00"
80556,0,0,"0,00"
80559,0,0,"0,00"
80564,0,0,"0,00"
80565,0,0,"0,00"
80567,0,0,"0,00"
80546,0,0,"0,00"
80563,0,0,"0,00"
80568,0,0,"0,00"
80569,0,0,"0,00"
80527,0,0,"0,00"
80570,0,0,"0,00"
80551,0,0,"0,00"
80550,0,0,"0,00"
80554,0,0,"0,00"
80572,0,0,"0,00"
80574,0,0,"0,00"
80571,0,0,"0,00"
80573,0,0,"0,00"
80576,0,0,"0,00"
80577,0,0,"0,00"
80561,0,0,"0,00"
80581,0,0,"0,00"
80558,0,0,"0,00"
80562,0,0,"0,00"
80579,0,0,"0,00"
80566,0,0,"0,00"
80585,0,0,"0,00"
80589,0,0,"0,00"
80592,0,0,"0,00"
80595,0,0,"0,00"
80584,0,0,"0,00"
80594,0,0,"0,00"
80575,0,0,"0,00"
80597,0,0,"0,00"
80578,0,0,"0,00"
80599,0,0,"0,00"
80598,0,0,"0,00"
80580,0,0,"0,00"
80601,0,0,"0,00"
80582,0,0,"0,00"
80603,0,0,"0,00"
80583,0,0,"0,00"
80604,0,0,"0,00"
80606,0,0,"0,00"
80590,0,0,"0,00"
80605,0,0,"0,00"
80591,0,0,"0,00"
80586,0,0,"0,00"
80596,0,0,"0,00"
80593,0,0,"0,00"
80613,0,0,"0,00"
80615,0,0,"0,00"
80611,0,0,"0,00"
80614,0,0,"0,00"
80610,0,0,"0,00"
80600,0,0,"0,00"
80620,0,0,"0,00"
80616,0,0,"0,00"
80619,0,0,"0,00"
80618,0,0,"0,00"
80622,0,0,"0,00"
80621,0,0,"0,00"
80602,0,0,"0,00"
80609,0,0,"0,00"
80608,0,0,"0,00"
80624,0,0,"0,00"
80607,0,0,"0,00"
80623,0,0,"0,00"
80630,0,0,"0,00"
80612,0,0,"0,00"
80628,0,0,"0,00"
80625,0,0,"0,00"
80617,0,0,"0,00"
80634,0,0,"0,00"
80635,0,0,"0,00"
80637,0,0,"0,00"
80641,0,0,"0,00"
80633,0,0,"0,00"
80642,0,0,"0,00"
80643,0,0,"0,00"
80629,0,0,"0,00"
80627,0,0,"0,00"
80648,0,0,"0,00"
80626,0,0,"0,00"
80650,0,0,"0,00"
80631,0,0,"0,00"
80632,0,0,"0,00"
80652,0,0,"0,00"
80638,0,0,"0,00"
80636,0,0,"0,00"
80655,0,0,"0,00"
80653,0,0,"0,00"
80654,0,0,"0,00"
80657,0,0,"0,00"
80659,0,0,"0,00"
80640,0,0,"0,00"
80658,0,0,"0,00"
80644,0,0,"0,00"
80639,0,0,"0,00"
80649,0,0,"0,00"
80663,0,0,"0,00"
80661,0,0,"0,00"
80662,0,0,"0,00"
80660,0,0,"0,00"
80651,0,0,"0,00"
80667,0,0,"0,00"
80665,0,0,"0,00"
80666,0,0,"0,00"
80674,0,0,"0,00"
80669,0,0,"0,00"
80670,0,0,"0,00"
80673,0,0,"0,00"
80656,0,0,"0,00"
80680,0,0,"0,00"
80682,0,0,"0,00"
80681,0,0,"0,00"
80676,0,0,"0,00"
80687,0,0,"0,00"
80688,0,0,"0,00"
80685,0,0,"0,00"
80689,0,0,"0,00"
80675,0,0,"0,00"
80664,0,0,"0,00"
80671,0,0,"0,00"
80690,0,0,"0,00"
80668,0,0,"0,00"
80694,0,0,"0,00"
80677,0,0,"0,00"
80696,0,0,"0,00"
80700,0,0,"0,00"
80679,0,0,"0,00"
80684,0,0,"0,00"
80683,0,0,"0,00"
80699,0,0,"0,00"
80702,0,0,"0,00"
80686,0,0,"0,00"
80707,0,0,"0,00"
80703,0,0,"0,00"
80691,0,0,"0,00"
80704,0,0,"0,00"
80705,0,0,"0,00"
80692,0,0,"0,00"
80697,0,0,"0,00"
80720,0,0,"0,00"
80724,0,0,"0,00"
80722,0,0,"0,00"
80721,0,0,"0,00"
80726,0,0,"0,00"
80698,0,0,"0,00"
80725,0,0,"0,00"
80732,0,0,"0,00"
80731,0,0,"0,00"
80736,0,0,"0,00"
80735,0,0,"0,00"
80706,0,0,"0,00"
80708,0,0,"0,00"
80672,0,0,"0,00"
80710,0,0,"0,00"
80738,0,0,"0,00"
80709,0,0,"0,00"
80741,0,0,"0,00"
80728,0,0,"0,00"
80727,0,0,"0,00"
80723,0,0,"0,00"
80739,0,0,"0,00"
80745,0,0,"0,00"
80729,0,0,"0,00"
80746,0,0,"0,00"
80730,0,0,"0,00"
80750,0,0,"0,00"
80733,0,0,"0,00"
80734,0,0,"0,00"
80737,0,0,"0,00"
80747,0,0,"0,00"
80753,0,0,"0,00"
80758,0,0,"0,00"
80757,0,0,"0,00"
80754,0,0,"0,00"
80742,0,0,"0,00"
80759,0,0,"0,00"
80764,0,0,"0,00"
80748,0,0,"0,00"
80763,0,0,"0,00"
80740,0,0,"0,00"
80765,0,0,"0,00"
80760,0,0,"0,00"
80749,0,0,"0,00"
80751,0,0,"0,00"
80766,0,0,"0,00"
80752,0,0,"0,00"
80768,0,0,"0,00"
80769,0,0,"0,00"
80770,0,0,"0,00"
80767,0,0,"0,00"
80755,0,0,"0,00"
80756,0,0,"0,00"
80771,0,0,"0,00"
80775,0,0,"0,00"
80774,0,0,"0,00"
80780,0,0,"0,00"
80782,0,0,"0,00"
80773,0,0,"0,00"
80781,0,0,"0,00"
80778,0,0,"0,00"
80777,0,0,"0,00"
80779,0,0,"0,00"
80791,0,0,"0,00"
80761,0,0,"0,00"
80762,0,0,"0,00"
80776,0,0,"0,00"
80787,0,0,"0,00"
80786,0,0,"0,00"
80788,0,0,"0,00"
80793,0,0,"0,00"
80796,0,0,"0,00"
80792,0,0,"0,00"
80798,0,0,"0,00"
80795,0,0,"0,00"
80794,0,0,"0,00"
80783,0,0,"0,00"
80797,0,0,"0,00"
80799,0,0,"0,00"
80803,0,0,"0,00"
80800,0,0,"0,00"
80802,0,0,"0,00"
80785,0,0,"0,00"
80805,0,0,"0,00"
80801,0,0,"0,00"
80804,0,0,"0,00"
80790,0,0,"0,00"
80808,0,0,"0,00"
80807,0,0,"0,00"
80784,0,0,"0,00"
80810,0,0,"0,00"
80811,0,0,"0,00"
80814,0,0,"0,00"
80817,0,0,"0,00"
80815,0,0,"0,00"
80816,0,0,"0,00"
80824,0,0,"0,00"
80825,0,0,"0,00"
80812,0,0,"0,00"
80822,0,0,"0,00"
80829,0,0,"0,00"
80827,0,0,"0,00"
80830,0,0,"0,00"
80809,0,0,"0,00"
80806,0,0,"0,00"
80813,0,0,"0,00"
80831,0,0,"0,00"
80833,0,0,"0,00"
80819,0,0,"0,00"
80837,0,0,"0,00"
80821,0,0,"0,00"
80835,0,0,"0,00"
80836,0,0,"0,00"
80834,0,0,"0,00"
80823,0,0,"0,00"
80840,0,0,"0,00"
80820,0,0,"0,00"
80842,0,0,"0,00"
80841,0,0,"0,00"
80849,0,0,"0,00"
80826,0,0,"0,00"
80832,0,0,"0,00"
80828,0,0,"0,00"
80850,0,0,"0,00"
80843,0,0,"0,00"
80853,0,0,"0,00"
80855,0,0,"0,00"
80838,0,0,"0,00"
80858,0,0,"0,00"
80857,0,0,"0,00"
80863,0,0,"0,00"
80839,0,0,"0,00"
80859,0,0,"0,00"
80861,0,0,"0,00"
80866,0,0,"0,00"
80856,0,0,"0,00"
80844,0,0,"0,00"
80869,0,0,"0,00"
80865,0,0,"0,00"
80852,0,0,"0,00"
80854,0,0,"0,00"
80851,0,0,"0,00"
80860,0,0,"0,00"
80875,0,0,"0,00"
80873,0,0,"0,00"
80876,0,0,"0,00"
80878,0,0,"0,00"
80862,0,0,"0,00"
80882,0,0,"0,00"
80864,0,0,"0,00"
80867,0,0,"0,00"
80868,0,0,"0,00"
80871,0,0,"0,00"
80889,0,0,"0,00"
80887,0,0,"0,00"
80890,0,0,"0,00"
80870,0,0,"0,00"
80879,0,0,"0,00"
80877,0,0,"0,00"
80891,0,0,"0,00"
80872,0,0,"0,00"
80892,0,0,"0,00"
80883,0,0,"0,00"
80894,0,0,"0,00"
80880,0,0,"0,00"
80884,0,0,"0,00"
80897,0,0,"0,00"
80885,0,0,"0,00"
80881,0,0,"0,00"
80902,0,0,"0,00"
80886,0,0,"0,00"
80896,0,0,"0,00"
80900,0,0,"0,00"
80898,0,0,"0,00"
80903,0,0,"0,00"
80905,0,0,"0,00"
80906,0,0,"0,00"
80907,0,0,"0,00"
80908,0,0,"0,00"
80888,0,0,"0,00"
80893,0,0,"0,00"
80914,0,0,"0,00"
80911,0,0,"0,00"
80910,0,0,"0,00"
80913,0,0,"0,00"
80874,0,0,"0,00"
80901,0,0,"0,00"
80915,0,0,"0,00"
80895,0,0,"0,00"
80923,0,0,"0,00"
80904,0,0,"0,00"
80921,0,0,"0,00"
80919,0,0,"0,00"
80922,0,0,"0,00"
80924,0,0,"0,00"
80909,0,0,"0,00"
80925,0,0,"0,00"
80912,0,0,"0,00"
80928,0,0,"0,00"
80916,0,0,"0,00"
80930,0,0,"0,00"
80927,0,0,"0,00"
80933,0,0,"0,00"
80932,0,0,"0,00"
80938,0,0,"0,00"
80939,0,0,"0,00"
80934,0,0,"0,00"
80917,0,0,"0,00"
80918,0,0,"0,00"
80920,0,0,"0,00"
80940,0,0,"0,00"
80941,0,0,"0,00"
80942,0,0,"0,00"
80945,0,0,"0,00"
80926,0,0,"0,00"
80944,0,0,"0,00"
80950,0,0,"0,00"
80946,0,0,"0,00"
80952,0,0,"0,00"
80954,0,0,"0,00"
80929,0,0,"0,00"
80931,0,0,"0,00"
80936,0,0,"0,00"
80948,0,0,"0,00"
80956,0,0,"0,00"
80949,0,0,"0,00"
80955,0,0,"0,00"
80937,0,0,"0,00"
80947,0,0,"0,00"
80951,0,0,"0,00"
80957,0,0,"0,00"
80960,0,0,"0,00"
80943,0,0,"0,00"
80963,0,0,"0,00"
80959,0,0,"0,00"
80962,0,0,"0,00"
80965,0,0,"0,00"
80964,0,0,"0,00"
80970,0,0,"0,00"
80953,0,0,"0,00"
80974,0,0,"0,00"
80973,0,0,"0,00"
80976,0,0,"0,00"
80958,0,0,"0,00"
80972,0,0,"0,00"
80975,0,0,"0,00"
80981,0,0,"0,00"
80980,0,0,"0,00"
80977,0,0,"0,00"
80979,0,0,"0,00"
80982,0,0,"0,00"
80984,0,0,"0,00"
80983,0,0,"0,00"
80967,0,0,"0,00"
80961,0,0,"0,00"
80968,0,0,"0,00"
80969,0,0,"0,00"
80988,0,0,"0,00"
80966,0,0,"0,00"
80986,0,0,"0,00"
80987,0,0,"0,00"
80991,0,0,"0,00"
80992,0,0,"0,00"
80989,0,0,"0,00"
80971,0,0,"0,00"
80993,0,0,"0,00"
80996,0,0,"0,00"
80998,0,0,"0,00"
81001,0,0,"0,00"
80978,0,0,"0,00"
81000,0,0,"0,00"
81004,0,0,"0,00"
81003,0,0,"0,00"
80985,0,0,"0,00"
80990,0,0,"0,00"
81007,0,0,"0,00"
81011,0,0,"0,00"
81013,0,0,"0,00"
81014,0,0,"0,00"
81016,0,0,"0,00"
80995,0,0,"0,00"
80994,0,0,"0,00"
80997,0,0,"0,00"
81015,0,0,"0,00"
81005,0,0,"0,00"
81006,0,0,"0,00"
81008,0,0,"0,00"
81010,0,0,"0,00"
80999,0,0,"0,00"
81020,0,0,"0,00"
81024,0,0,"0,00"
81009,0,0,"0,00"
81002,0,0,"0,00"
81022,0,0,"0,00"
81026,0,0,"0,00"
81025,0,0,"0,00"
81017,0,0,"0,00"
81028,0,0,"0,00"
81030,0,0,"0,00"
81029,0,0,"0,00"
81033,0,0,"0,00"
81018,0,0,"0,00"
81032,0,0,"0,00"
81031,0,0,"0,00"
81034,0,0,"0,00"
81037,0,0,"0,00"
81019,0,0,"0,00"
81036,0,0,"0,00"
81021,0,0,"0,00"
81023,0,0,"0,00"
81040,0,0,"0,00"
81043,0,0,"0,00"
81045,0,0,"0,00"
81039,0,0,"0,00"
81042,0,0,"0,00"
81041,0,0,"0,00"
81044,0,0,"0,00"
81046,0,0,"0,00"
81047,0,0,"0,00"
81035,0,0,"0,00"
81027,0,0,"0,00"
81053,0,0,"0,00"
81052,0,0,"0,00"
81054,0,0,"0,00"
81059,0,0,"0,00"
81038,0,0,"0,00"
81056,0,0,"0,00"
81055,0,0,"0,00"
81058,0,0,"0,00"
81062,0,0,"0,00"
81012,0,0,"0,00"
81061,0,0,"0,00"
81050,0,0,"0,00"
81064,0,0,"0,00"
81048,0,0,"0,00"
81067,0,0,"0,00"
81051,0,0,"0,00"
81049,0,0,"0,00"
81070,0,0,"0,00"
81071,0,0,"0,00"
81072,0,0,"0,00"
81074,0,0,"0,00"
81076,0,0,"0,00"
81060,0,0,"0,00"
81079,0,0,"0,00"
81075,0,0,"0,00"
81057,0,0,"0,00"
81081,0,0,"0,00"
81077,0,0,"0,00"
81078,0,0,"0,00"
81066,0,0,"0,00"
81065,0,0,"0,00"
81063,0,0,"0,00"
81082,0,0,"0,00"
81084,0,0,"0,00"
81083,0,0,"0,00"
81085,0,0,"0,00"
81068,0,0,"0,00"
81073,0,0,"0,00"
81092,0,0,"0,00"
81091,0,0,"0,00"
81069,0,0,"0,00"
81093,0,0,"0,00"
81097,0,0,"0,00"
81101,0,0,"0,00"
81104,0,0,"0,00"
81098,0,0,"0,00"
81103,0,0,"0,00"
81100,0,0,"0,00"
81096,0,0,"0,00"
81080,0,0,"0,00"
81102,0,0,"0,00"
81106,0,0,"0,00"
81086,0,0,"0,00"
81087,0,0,"0,00"
81105,0,0,"0,00"
81111,0,0,"0,00"
81094,0,0,"0,00"
81110,0,0,"0,00"
81118,0,0,"0,00"
81114,0,0,"0,00"
81090,0,0,"0,00"
81117,0,0,"0,00"
81115,0,0,"0,00"
81119,0,0,"0,00"
81116,0,0,"0,00"
81099,0,0,"0,00"
81122,0,0,"0,00"
81123,0,0,"0,00"
81124,0,0,"0,00"
81125,0,0,"0,00"
81129,0,0,"0,00"
81107,0,0,"0,00"
81132,0,0,"0,00"
81126,0,0,"0,00"
81128,0,0,"0,00"
81130,0,0,"0,00"
81131,0,0,"0,00"
81133,0,0,"0,00"
81134,0,0,"0,00"
81121,0,0,"0,00"
81135,0,0,"0,00"
81112,0,0,"0,00"
81120,0,0,"0,00"
81113,0,0,"0,00"
81137,0,0,"0,00"
81139,0,0,"0,00"
81141,0,0,"0,00"
81148,0,0,"0,00"
81146,0,0,"0,00"
81143,0,0,"0,00"
81151,0,0,"0,00"
81152,0,0,"0,00"
81127,0,0,"0,00"
81155,0,0,"0,00"
81154,0,0,"0,00"
81158,0,0,"0,00"
81160,0,0,"0,00"
81136,0,0,"0,00"
81161,0,0,"0,00"
81159,0,0,"0,00"
81140,0,0,"0,00"
81138,0,0,"0,00"
81164,0,0,"0,00"
81162,0,0,"0,00"
81144,0,0,"0,00"
81165,0,0,"0,00"
81149,0,0,"0,00"
81153,0,0,"0,00"
81156,0,0,"0,00"
81166,0,0,"0,00"
81142,0,0,"0,00"
81169,0,0,"0,00"
81150,0,0,"0,00"
81173,0,0,"0,00"
81172,0,0,"0,00"
81157,0,0,"0,00"
81176,0,0,"0,00"
81174,0,0,"0,00"
81168,0,0,"0,00"
81175,0,0,"0,00"
81163,0,0,"0,00"
81179,0,0,"0,00"
81180,0,0,"0,00"
81182,0,0,"0,00"
81167,0,0,"0,00"
81184,0,0,"0,00"
81183,0,0,"0,00"
81186,0,0,"0,00"
81187,0,0,"0,00"
81191,0,0,"0,00"
81170,0,0,"0,00"
81171,0,0,"0,00"
81194,0,0,"0,00"
81196,0,0,"0,00"
81177,0,0,"0,00"
81199,0,0,"0,00"
81197,0,0,"0,00"
81201,0,0,"0,00"
81198,0,0,"0,00"
81181,0,0,"0,00"
81200,0,0,"0,00"
81185,0,0,"0,00"
81189,0,0,"0,00"
81178,0,0,"0,00"
81202,0,0,"0,00"
81188,0,0,"0,00"
81190,0,0,"0,00"
81195,0,0,"0,00"
81192,0,0,"0,00"
81193,0,0,"0,00"
81203,0,0,"0,00"
81206,0,0,"0,00"
81205,0,0,"0,00"
81207,0,0,"0,00"
81208,0,0,"0,00"
81204,0,0,"0,00"
81209,0,0,"0,00"
81211,0,0,"0,00"
81212,0,0,"0,00"
81215,0,0,"0,00"
81210,0,0,"0,00"
81214,0,0,"0,00"
81213,0,0,"0,00"
81216,0,0,"0,00"
81218,0,0,"0,00"
81217,0,0,"0,00"
81221,0,0,"0,00"
81219,0,0,"0,00"
81220,0,0,"0,00"
81222,0,0,"0,00"
81223,0,0,"0,00"
81224,0,0,"0,00"
81225,0,0,"0,00"
81226,0,0,"0,00"
81228,0,0,"0,00"
81227,0,0,"0,00"
81229,0,0,"0,00"
81230,0,0,"0,00"
81234,0,0,"0,00"
81236,0,0,"0,00"
81233,0,0,"0,00"
81238,0,0,"0,00"
81231,0,0,"0,00"
81235,0,0,"0,00"
81239,0,0,"0,00"
81240,0,0,"0,00"
81232,0,0,"0,00"
81237,0,0,"0,00"
81241,0,0,"0,00"
81244,0,0,"0,00"
81243,0,0,"0,00"
81242,0,0,"0,00"
81245,0,0,"0,00"
81246,0,0,"0,00"
81247,0,0,"0,00"
